id,item01,item02,item03,item04,item05,item06,item07,item08,item09,item10,item11,item12,item13,item14,item15,item16,item17,item18,item19,item20,item21,item22,item23,item24
z01,2,3,4,3,4,3,3,2,2,3,4,5,4,2,2,5,4,2,4,4,4,2,1,4
z02,4,3,5,4,4,5,4,3,4,3,3,3,3,3,3,5,4,3,2,4,4,5,2,4
z03,3,4,4,5,4,2,5,4,4,5,5,5,3,4,3,4,4,4,3,4,2,4,3,3
z04,4,4,3,4,3,5,4,3,3,4,5,5,4,3,4,4,5,4,4,4,5,5,4,5
z05,5,3,3,5,3,3,5,2,3,3,4,5,2,2,2,4,4,3,3,4,3,3,2,2
z06,3,1,3,3,1,2,2,3,3,3,2,1,2,2,4,2,3,2,4,1,4,4,4,2
z07,1,2,2,2,1,2,2,1,1,1,3,2,2,2,2,2,1,1,3,2,3,2,2,2
z08,3,4,3,3,2,2,2,3,3,2,3,4,3,3,3,3,4,4,5,3,4,4,3,5
z09,1,2,3,2,1,3,2,2,4,3,3,2,1,2,3,5,2,2,1,2,3,4,2,1
z10,3,3,4,5,4,5,5,3,5,5,2,5,4,4,4,4,3,4,3,5,4,3,3,4
z11,1,2,3,3,1,3,3,2,3,2,3,4,2,2,2,1,2,4,2,3,2,3,4,3
z12,4,3,3,4,4,3,4,3,4,4,4,4,5,4,4,4,3,3,2,3,3,4,3,2
z13,4,3,5,5,3,3,5,2,5,4,4,5,4,4,3,4,4,4,1,2,3,4,3,4
z14,2,3,2,2,2,2,4,2,1,2,2,3,1,2,1,2,2,2,3,3,2,2,1,3
z15,4,4,4,4,5,3,5,4,3,4,2,5,5,4,3,3,3,1,3,3,3,3,2,4
z16,3,5,4,4,4,3,4,5,4,4,3,4,5,5,4,3,4,4,4,4,3,4,3,4
z17,1,3,3,3,1,3,4,3,3,2,3,4,2,3,4,3,4,2,3,3,3,4,4,3
z18,1,2,2,2,2,2,2,1,3,2,2,2,2,3,1,3,2,2,2,2,3,2,2,1
z19,3,3,3,3,2,4,4,2,3,3,4,5,2,1,2,4,4,3,2,3,3,4,3,4
z20,3,3,3,3,2,4,3,2,2,2,2,2,2,2,4,4,2,2,4,2,3,3,4,3
z21,2,3,4,4,2,4,3,2,2,4,4,4,4,2,3,4,4,3,4,5,2,4,3,3
z22,4,5,3,5,4,3,4,2,3,3,4,5,4,3,4,5,5,5,3,4,5,5,4,4
z23,3,3,4,4,4,3,4,4,3,4,3,5,4,2,5,3,5,4,3,5,5,5,4,5
z24,3,4,3,2,2,4,3,2,3,2,3,4,3,4,4,4,3,3,3,3,4,5,2,4
z25,2,3,2,3,4,3,4,2,3,2,4,3,3,4,4,3,2,3,3,3,3,3,4,4
z26,3,3,2,3,2,3,3,2,2,2,2,3,3,3,2,2,3,3,2,2,3,1,3,3
z27,2,2,3,3,2,3,3,1,3,3,3,2,3,3,4,4,3,3,3,4,3,4,2,4
z28,4,5,4,3,3,5,4,4,5,3,1,3,2,3,4,4,5,4,2,4,3,3,3,3
z29,3,3,3,4,2,3,4,1,3,2,3,4,2,4,3,2,2,1,2,2,2,2,3,4
z30,4,3,4,5,5,4,4,4,5,4,3,5,5,5,5,5,5,2,3,4,5,5,5,4
z31,3,3,4,4,2,5,4,4,4,4,3,4,5,3,4,4,5,2,4,4,3,4,3,5
z32,3,3,4,3,3,3,4,4,4,3,4,3,3,4,3,3,2,2,2,3,3,2,3,3
z33,3,3,2,2,1,3,2,2,4,2,4,3,3,1,2,3,4,3,4,2,3,3,3,3
z34,1,3,1,2,1,2,2,2,2,1,1,3,3,3,2,5,2,2,4,4,3,2,2,4
z35,3,5,5,5,4,4,5,4,4,5,3,5,4,3,4,5,4,3,4,5,4,5,4,3
z36,3,3,3,1,2,3,4,3,3,3,3,4,1,3,3,3,4,2,4,4,4,3,3,4
z37,3,2,4,3,3,3,3,3,4,2,4,3,3,4,2,3,4,2,1,3,4,4,3,4
z38,4,4,3,4,2,4,4,4,3,5,3,4,4,4,5,4,4,4,3,4,4,4,3,4
z39,1,1,1,2,2,2,2,2,1,2,1,1,2,2,1,2,2,1,5,3,1,3,1,2
z40,2,4,4,3,2,3,4,2,3,2,3,3,2,3,2,2,4,1,3,3,4,2,3,3
z41,3,4,3,4,1,3,3,4,2,3,2,3,3,3,3,4,3,3,2,3,4,2,2,3
z42,4,5,4,5,5,5,4,3,4,4,5,5,5,3,3,4,5,3,5,3,4,3,4,5
z43,3,2,4,2,2,2,3,2,3,2,3,4,4,3,4,2,3,3,3,3,4,2,2,3
z44,2,1,3,2,2,3,3,1,4,2,2,2,2,2,3,4,4,3,3,4,5,3,4,4
z45,2,3,4,3,1,4,3,2,2,3,2,3,4,2,3,3,2,3,3,4,4,4,2,4
z46,3,2,2,2,3,3,3,2,4,3,3,4,2,2,4,3,4,3,2,5,4,5,3,3
z47,4,4,4,4,3,5,3,3,3,4,4,4,4,4,2,3,4,3,1,3,3,3,2,3
z48,3,3,3,4,2,3,4,3,3,3,3,3,3,2,4,2,2,3,2,3,4,3,2,3
z49,2,2,1,1,1,2,3,2,2,1,2,2,2,3,3,3,4,1,3,3,3,3,2,3
z50,4,4,4,4,4,3,5,4,3,5,4,5,5,4,4,4,4,4,3,2,4,4,2,4
z51,2,3,3,2,1,3,1,2,3,3,2,3,3,3,3,3,3,2,3,4,3,3,3,3
z52,1,2,3,3,3,3,3,2,1,3,2,4,3,3,5,4,3,2,4,3,4,3,1,2
z53,5,4,5,5,5,5,5,4,5,5,3,5,5,3,5,4,5,5,2,5,5,5,5,4
z54,4,4,4,4,4,3,4,3,4,3,4,4,3,4,4,4,3,3,3,3,5,5,3,4
z55,4,5,4,5,3,4,4,4,2,2,4,3,4,3,4,4,4,2,4,3,3,4,3,3
z56,3,3,3,3,4,3,4,4,4,3,3,4,2,3,4,4,3,3,4,4,4,4,2,3
z57,2,3,3,2,2,3,3,1,3,2,2,2,3,2,1,2,3,1,3,2,1,2,1,2
