"id","N1","N2","N3","N4","N5","O1","O2","O3","O4","O5"
1,3,4,2,2,3,3,6,3,4,3
2,3,3,3,5,5,4,2,4,3,3
3,4,5,4,2,3,4,2,5,5,2
4,2,5,2,4,1,3,3,4,3,5
5,2,3,4,4,3,3,3,4,3,3
6,3,5,2,2,3,4,3,5,6,1
7,1,2,2,1,1,5,2,5,6,1
8,6,3,2,6,4,3,2,4,5,3
9,5,5,2,3,3,6,6,6,6,1
10,5,5,5,2,4,5,1,5,5,2
11,3,3,4,2,3,5,3,5,6,3
12,1,2,2,2,2,4,2,4,5,2
13,1,1,1,2,1,5,3,4,4,4
14,2,4,2,2,3,5,2,5,5,5
15,4,5,4,5,5,6,6,6,3,2
16,4,4,4,4,5,5,1,5,6,3
17,6,5,5,4,4,5,1,4,5,4
18,5,6,5,5,2,4,2,2,4,2
19,5,5,5,1,1,4,1,5,3,2
20,1,3,3,2,1,6,1,3,2,4
21,2,5,5,4,6,5,1,6,6,2
22,2,2,2,2,2,6,1,5,5,2
23,4,4,4,6,6,6,1,5,6,1
24,2,3,3,1,1,6,2,5,6,2
25,2,3,1,2,1,6,4,5,5,3
26,3,3,5,3,2,5,2,6,6,1
27,4,4,5,2,3,6,1,6,4,3
28,1,4,2,2,5,2,4,5,4,1
29,5,4,4,3,1,4,4,6,5,1
30,5,5,5,6,6,4,3,3,6,5
31,3,2,4,1,2,5,2,5,5,2
32,1,2,1,3,6,6,6,5,6,1
33,2,2,4,1,3,5,5,5,4,2
34,5,3,4,4,3,4,5,4,4,3
35,2,2,2,4,1,5,5,4,5,3
36,5,6,5,5,4,5,5,4,5,2
37,1,1,1,1,1,6,1,6,6,1
38,1,2,1,2,1,5,1,6,6,1
39,2,2,3,3,3,4,3,2,5,2
40,2,3,1,3,2,4,3,5,4,3
41,2,2,3,4,5,3,5,4,4,4
42,2,2,2,2,3,5,2,5,5,1
43,2,1,4,6,5,6,5,6,6,1
44,4,5,3,5,2,3,5,4,4,2
45,3,4,2,2,4,5,4,5,3,2
46,5,5,5,5,3,3,3,2,5,1
47,4,4,1,1,1,6,3,6,6,1
48,6,6,6,3,3,3,1,4,6,2
49,1,1,1,6,5,5,6,3,6,3
50,2,2,1,1,1,5,1,5,5,6
51,6,5,5,5,6,2,5,2,6,4
52,2,3,2,3,2,5,3,5,5,2
53,2,4,4,5,3,5,1,6,6,1
54,3,4,5,5,5,4,4,6,6,3
55,5,5,5,3,2,5,2,5,5,5
56,3,4,4,4,4,4,4,4,2,1
57,1,2,1,4,1,4,3,5,5,2
58,4,4,6,5,2,2,4,3,5,5
59,4,5,4,5,5,6,6,4,6,2
60,4,4,3,1,3,5,3,3,6,3
61,3,5,3,1,3,4,1,4,6,1
62,4,3,6,6,4,4,1,6,6,3
63,2,5,5,4,2,5,4,4,6,1
64,1,2,1,5,2,6,1,6,6,1
65,1,2,2,4,2,3,2,5,5,2
66,1,2,2,5,2,6,2,3,5,2
67,2,3,3,1,3,4,1,4,6,2
68,1,3,2,2,1,6,2,4,5,3
69,5,5,4,3,5,4,1,4,2,3
70,1,2,4,4,4,5,1,5,4,2
71,2,1,2,2,3,5,1,5,4,2
72,2,2,3,3,2,5,1,4,3,4
73,2,4,2,1,1,6,3,5,4,1
74,4,3,4,4,6,5,4,5,6,3
75,4,2,2,2,4,2,3,4,2,4
76,2,3,4,5,2,4,4,3,5,1
77,3,3,3,4,3,6,2,5,6,2
78,4,4,6,6,5,6,1,6,6,1
79,3,5,4,6,4,6,2,5,6,1
80,3,3,2,2,2,4,5,4,5,2
81,2,4,5,6,6,6,5,4,6,1
82,2,2,4,2,4,3,4,3,4,4
83,3,3,2,2,2,4,5,5,4,4
84,1,3,2,2,2,5,1,4,5,2
85,2,3,2,2,2,4,2,3,4,2
86,3,3,4,4,3,4,2,4,4,3
87,1,1,1,4,1,6,1,5,5,2
88,3,3,4,3,4,6,1,5,6,2
89,2,3,6,4,6,3,2,2,2,5
90,2,5,4,6,1,6,2,5,6,1
91,4,5,2,3,6,3,4,3,5,6
92,3,4,6,6,6,5,2,3,5,4
93,3,5,4,4,4,5,1,3,6,1
94,1,2,1,1,1,5,1,5,6,1
95,4,5,6,6,6,5,1,2,6,4
96,1,1,1,2,2,2,1,5,3,3
97,4,4,2,2,4,4,2,5,4,2
98,4,5,5,5,4,6,2,5,6,1
99,2,1,3,3,1,4,3,4,5,6
100,4,3,6,6,5,2,3,3,6,3
101,4,5,4,3,4,5,4,4,6,2
102,6,6,3,2,5,6,1,6,5,2
103,5,6,2,4,6,6,5,6,6,2
104,6,6,6,4,6,5,4,4,6,4
105,2,3,2,3,4,4,1,5,6,1
106,1,2,1,4,2,3,6,1,3,3
107,1,1,1,2,2,4,2,4,6,2
108,1,5,5,5,6,6,1,6,6,2
109,2,2,2,2,2,6,1,5,4,1
110,2,4,2,4,2,2,6,3,5,5
111,1,2,2,4,1,4,1,6,5,1
112,4,4,2,2,2,5,1,5,5,2
113,4,4,3,2,3,6,1,5,5,2
114,1,2,2,2,4,6,1,6,6,1
115,4,3,1,3,4,6,3,6,5,3
116,3,4,2,5,6,2,4,4,6,4
117,5,4,4,3,1,6,2,6,5,1
118,4,4,3,3,1,5,3,6,4,2
119,1,2,2,4,2,5,2,5,6,1
120,2,3,2,5,5,5,1,6,6,1
121,4,4,2,2,2,4,3,5,4,2
122,2,3,3,4,2,5,2,6,6,2
123,2,4,4,4,2,5,2,4,6,2
124,4,5,5,4,5,4,4,3,6,3
125,4,5,3,5,4,4,2,4,6,3
126,5,5,5,5,5,6,3,4,5,2
127,3,3,3,4,4,5,1,5,6,6
128,4,6,4,4,5,3,5,3,5,3
129,6,6,4,5,6,5,6,6,6,2
130,5,5,2,5,2,4,4,6,6,1
131,4,6,2,1,2,6,1,6,5,3
132,4,4,5,4,5,5,2,5,6,4
133,4,4,4,3,3,6,3,4,5,2
134,5,4,3,6,4,2,2,1,5,3
135,6,6,4,4,6,4,4,3,4,5
136,3,5,4,4,5,4,2,5,4,3
137,2,2,2,2,1,4,4,4,5,3
138,2,5,2,1,2,6,2,5,5,2
139,1,1,1,4,3,6,1,4,6,1
140,3,6,4,4,6,5,1,4,6,1
141,3,3,3,4,3,4,4,5,5,2
142,1,1,1,1,1,6,2,5,2,1
143,5,2,4,4,2,5,2,5,5,1
144,5,5,5,3,2,5,2,5,6,2
145,1,1,1,2,4,6,1,6,6,1
146,3,4,2,1,1,6,5,4,6,2
147,3,4,2,2,1,4,1,6,4,2
148,1,3,2,1,3,6,2,4,6,5
149,3,3,5,4,3,5,2,6,5,3
150,2,2,2,2,3,5,4,5,5,2
151,2,4,5,4,5,5,4,5,5,1
152,1,2,1,4,4,5,1,6,6,1
153,6,6,2,3,4,5,5,4,5,5
154,2,4,2,3,5,4,2,4,6,2
155,4,3,2,4,2,5,5,4,4,2
156,1,2,4,1,1,5,6,2,2,6
157,2,2,4,3,4,5,6,5,6,4
158,1,2,1,2,1,6,1,5,5,6
159,1,1,2,2,1,5,1,5,5,2
160,4,4,2,4,1,6,4,5,5,2
161,4,5,5,4,2,5,1,5,6,1
162,6,6,6,5,6,5,1,2,5,1
163,5,4,2,2,4,5,4,4,4,5
164,4,2,4,5,4,4,2,5,3,3
165,3,3,3,3,4,6,2,5,4,5
166,3,3,2,2,2,5,6,6,5,1
167,1,2,2,2,3,5,1,6,6,3
168,4,6,6,4,5,3,4,3,6,4
169,1,2,2,2,3,6,1,5,6,1
170,4,5,4,4,4,6,1,3,6,3
171,5,5,3,2,3,5,4,4,4,4
172,2,3,1,1,1,6,3,6,5,1
173,5,5,5,4,4,6,1,6,6,1
174,2,3,2,1,1,5,5,3,5,3
175,2,3,2,3,2,5,4,4,3,4
176,5,4,4,5,4,5,2,5,6,2
177,4,4,5,4,4,6,1,6,6,1
178,6,6,6,2,6,3,6,1,1,6
179,1,2,1,1,2,6,4,6,6,1
180,1,3,1,1,1,6,1,6,6,2
181,5,5,5,6,3,2,2,3,5,2
182,6,6,4,2,4,6,1,5,5,1
183,2,3,2,3,2,6,2,4,5,2
184,4,5,5,2,6,5,2,6,6,1
185,2,2,4,4,3,4,3,4,5,3
186,1,1,1,4,5,5,4,4,4,5
187,4,4,4,3,4,4,2,3,5,2
188,6,4,6,6,3,3,1,3,3,4
189,5,4,1,2,2,4,4,5,4,2
190,2,4,3,2,3,3,1,3,5,3
191,1,1,2,1,1,6,3,4,5,3
192,1,2,2,2,4,5,1,5,5,1
193,1,3,1,2,5,4,3,4,5,5
194,3,5,5,5,4,2,5,4,6,1
195,3,5,3,3,4,4,4,3,2,3
196,1,2,1,1,1,5,3,4,3,2
197,1,2,4,2,1,6,2,4,5,3
198,1,2,1,5,4,5,2,1,5,1
199,4,4,4,3,2,3,2,3,4,3
200,1,1,1,1,1,6,1,4,6,1
201,3,4,4,2,3,4,3,5,4,3
202,1,5,1,2,1,4,1,2,5,1
203,2,2,2,1,2,5,1,5,6,1
204,2,2,2,2,1,5,3,4,5,4
205,6,6,6,6,3,3,4,2,4,4
206,2,2,1,1,2,6,1,6,6,1
207,4,5,1,2,3,5,1,5,6,2
208,3,4,3,2,2,6,6,5,5,1
209,5,6,6,1,1,4,3,5,2,3
210,1,1,4,3,4,6,4,4,5,2
211,1,4,4,4,2,6,2,6,5,2
212,1,1,1,6,1,6,6,6,1,1
213,1,1,1,1,2,5,2,5,5,5
214,2,2,2,2,4,5,1,5,5,3
215,3,5,2,2,3,5,1,5,6,1
216,2,5,5,4,4,5,5,5,6,1
217,3,4,3,3,3,3,2,4,4,3
218,2,2,2,2,1,5,3,4,5,2
219,2,3,2,2,1,6,1,5,6,2
220,2,2,1,3,2,5,6,4,6,3
221,2,3,2,2,4,6,4,4,6,3
222,2,4,2,3,1,6,2,6,3,2
223,1,3,3,2,4,5,2,5,5,2
224,2,2,1,2,3,5,2,4,6,1
225,5,5,4,4,4,3,5,4,3,4
226,2,3,3,4,3,4,3,5,6,2
227,1,2,4,4,4,4,3,5,5,3
228,1,3,2,2,1,6,2,3,5,2
229,3,5,3,3,1,4,1,4,4,3
230,4,4,3,2,2,6,1,5,6,2
231,2,3,2,1,1,5,4,4,4,1
232,1,2,2,1,1,4,2,5,5,3
233,4,4,3,3,2,6,1,4,6,1
234,4,5,2,2,2,5,4,4,5,5
235,3,6,4,5,3,5,6,2,6,4
236,2,2,2,3,2,2,3,2,4,5
237,3,4,2,2,1,5,1,3,5,3
238,1,1,2,3,2,5,4,4,5,3
239,2,4,2,6,2,5,2,4,4,2
240,1,1,1,1,1,5,1,6,1,1
241,1,1,1,2,2,3,2,4,2,1
242,1,1,2,5,1,6,5,4,4,4
243,3,3,3,2,2,5,4,4,4,3
244,1,4,1,3,2,4,5,4,6,2
245,2,2,3,5,4,5,3,5,6,2
246,3,5,5,2,4,6,6,4,6,1
247,2,4,2,3,3,5,4,4,4,4
248,5,4,4,5,4,6,6,6,6,4
249,4,5,3,6,1,6,1,6,6,1
250,6,3,2,2,5,1,2,6,6,6
251,5,4,2,2,1,6,1,5,6,2
252,1,2,1,1,1,4,3,4,2,5
253,1,2,2,1,2,4,5,3,4,3
254,5,5,2,4,4,4,4,4,2,2
255,1,2,2,2,2,2,2,5,4,2
256,3,4,2,2,6,4,2,5,5,3
257,2,2,5,5,3,6,2,3,6,6
258,6,6,5,4,5,6,6,3,4,2
259,1,1,1,3,3,6,1,6,5,3
260,5,1,5,5,2,6,5,5,5,2
261,4,5,6,4,4,6,3,5,4,1
262,5,4,1,2,3,4,5,5,6,4
263,2,2,2,2,1,5,1,6,4,2
264,4,4,4,5,4,4,2,2,5,4
265,4,5,4,4,5,5,1,6,6,1
266,4,5,6,4,4,2,4,3,6,3
267,5,5,3,3,3,4,3,5,5,3
268,4,3,2,2,3,5,1,5,4,2
269,1,3,3,5,1,4,6,3,4,4
270,4,4,5,3,5,4,4,4,4,2
271,6,6,6,4,5,3,4,5,4,4
272,3,4,4,3,4,5,3,4,4,2
273,6,6,6,6,4,4,2,6,6,2
274,4,4,3,3,2,5,2,5,5,4
275,1,2,4,2,2,6,1,6,6,1
276,5,6,3,2,4,3,5,3,3,1
277,3,4,4,4,2,1,4,3,5,4
278,1,1,1,1,1,5,1,5,2,2
279,3,4,2,4,4,3,5,3,3,4
280,4,4,4,3,5,6,2,5,4,3
281,4,6,6,5,6,6,2,6,5,1
282,4,5,1,2,3,6,6,5,6,2
283,4,4,1,2,2,5,3,4,5,5
284,4,5,2,3,1,4,2,5,5,3
285,2,3,3,2,1,5,3,1,3,4
286,4,4,3,3,3,4,3,4,4,3
287,2,4,5,4,4,6,1,6,6,1
288,1,2,1,1,2,4,2,5,6,2
289,2,2,2,4,2,4,5,3,4,3
290,2,3,5,4,3,4,3,5,6,5
291,3,4,4,4,4,5,1,5,4,1
292,2,4,5,5,4,5,1,5,6,3
293,5,4,5,4,2,6,5,3,6,5
294,2,2,2,2,4,5,6,6,6,4
295,2,4,4,2,6,2,1,4,6,4
296,1,1,1,2,1,5,2,4,5,2
297,1,4,4,1,1,5,4,6,4,4
298,6,6,6,5,1,6,1,6,3,1
299,5,5,6,5,5,5,2,4,6,1
300,1,1,3,6,4,6,2,2,4,1
301,5,6,6,6,6,5,1,3,6,2
302,2,2,4,2,2,4,2,5,6,1
303,2,3,3,1,1,5,2,3,2,1
304,5,5,5,5,1,6,1,6,6,1
305,2,2,2,1,2,4,1,5,5,4
306,5,5,5,6,5,5,1,5,6,1
307,4,4,4,4,4,3,3,3,3,3
308,4,5,4,4,2,5,2,3,4,3
309,2,4,2,4,1,5,1,6,6,1
310,6,6,6,6,5,6,5,6,6,1
311,3,2,4,4,2,6,2,6,6,2
312,4,4,5,6,4,6,1,6,6,1
313,6,6,5,5,5,4,1,5,5,4
314,1,3,3,4,2,6,1,6,5,1
315,6,6,5,5,3,5,5,6,6,4
316,1,6,1,1,1,6,1,3,6,1
317,2,4,5,6,4,4,5,4,5,4
318,4,4,5,5,2,4,3,4,5,3
319,4,5,4,2,2,4,5,3,5,4
320,4,4,4,3,4,3,2,2,2,4
321,2,2,4,2,2,4,5,6,5,1
322,2,4,3,3,1,6,1,6,4,2
323,5,5,4,4,3,6,4,6,6,2
324,3,4,4,5,5,4,2,4,5,2
325,6,6,6,5,4,3,6,3,5,4
326,4,4,1,5,3,5,2,4,6,1
327,3,5,4,4,4,4,4,5,5,4
328,4,6,4,2,5,6,3,4,6,2
329,3,4,4,4,4,4,3,4,5,3
330,4,4,5,2,1,5,1,6,5,1
331,5,6,2,1,4,4,5,4,3,3
332,1,2,4,4,1,6,5,6,6,4
333,3,5,4,4,4,5,5,4,5,3
334,2,2,4,3,2,4,3,3,5,4
335,5,5,2,3,3,4,2,5,6,1
336,1,3,4,4,6,5,2,5,5,3
337,1,6,4,2,1,5,1,5,1,2
338,5,5,4,4,6,4,4,5,5,2
339,2,4,6,6,5,6,1,6,6,1
340,1,2,2,3,3,6,1,5,6,1
341,2,4,4,2,5,5,1,4,5,2
342,5,6,2,2,5,4,2,4,5,3
343,4,4,3,2,1,6,1,5,6,1
344,3,3,4,3,2,5,2,4,4,3
345,4,4,6,4,1,6,2,6,6,2
346,4,5,5,5,2,5,6,5,6,2
347,6,6,6,6,6,6,5,5,6,2
348,2,2,3,4,5,4,2,4,5,2
349,4,4,4,3,2,6,1,5,5,2
350,1,1,1,1,1,6,1,6,6,1
351,4,4,4,4,2,6,1,5,4,1
352,3,4,2,3,2,5,4,4,5,1
353,1,1,1,1,1,6,1,6,6,1
354,2,2,2,2,4,5,1,5,5,1
355,3,4,4,2,5,3,3,5,6,5
356,1,1,2,2,2,5,2,3,5,3
357,1,1,1,1,1,5,1,5,1,6
358,1,6,6,3,4,6,1,6,5,1
359,2,4,5,4,5,4,1,4,5,3
360,3,5,5,1,4,4,2,4,6,2
361,1,2,3,4,2,3,1,2,4,5
362,3,3,2,4,3,6,4,5,6,4
363,2,3,2,2,4,5,1,4,5,2
364,1,1,1,1,3,5,4,4,4,2
365,4,4,4,6,4,6,1,6,6,3
366,3,4,2,1,1,3,4,1,4,2
367,4,5,4,4,2,6,2,5,6,2
368,5,5,5,4,2,6,2,6,5,1
369,4,2,1,2,3,6,5,3,6,5
370,2,4,4,3,1,6,1,6,6,2
371,3,3,1,1,2,5,1,4,4,2
372,3,3,2,2,2,5,2,3,4,5
373,3,3,3,1,3,4,4,3,4,3
374,5,5,4,4,5,2,4,4,5,3
375,4,5,5,3,5,2,2,6,5,2
376,2,3,2,3,1,5,3,4,4,4
377,3,5,4,4,2,6,1,4,6,3
378,4,4,2,1,2,5,1,5,5,1
379,4,5,3,4,5,6,1,6,5,1
380,5,4,5,5,3,6,1,6,6,3
381,4,4,2,1,1,5,1,6,5,2
382,5,5,4,5,5,5,2,5,6,1
383,4,4,4,2,1,5,3,2,3,4
384,3,3,2,3,2,5,5,2,2,5
385,1,1,1,1,1,6,1,4,5,2
386,4,4,6,5,4,3,6,1,5,4
387,4,6,6,6,6,6,1,4,6,1
388,2,5,1,5,5,6,1,5,6,1
389,5,5,2,2,2,6,1,6,4,1
390,4,4,5,1,5,6,3,4,4,5
391,4,1,2,6,6,6,5,2,6,5
392,4,5,5,5,4,5,2,3,5,4
393,2,4,3,2,2,5,3,5,4,3
394,1,3,1,2,1,6,1,5,6,1
395,5,6,6,6,6,6,6,6,6,1
396,1,5,5,5,6,6,5,3,6,1
397,4,3,2,4,1,6,1,3,2,1
398,1,1,2,2,1,6,1,6,5,1
399,1,2,2,1,2,5,1,6,5,3
400,5,5,5,5,5,4,1,6,5,5
401,3,4,4,4,4,5,3,5,5,2
402,2,5,3,5,2,5,2,5,6,1
403,1,4,2,5,2,5,2,5,6,1
404,1,4,3,4,2,5,2,5,6,1
405,1,5,4,4,2,5,2,5,6,1
406,1,5,4,4,2,5,2,5,6,1
407,1,5,4,4,2,5,2,5,6,1
408,1,5,4,4,2,5,3,5,6,2
409,2,2,2,2,1,6,5,2,3,4
410,6,6,6,3,2,6,1,6,6,1
411,1,1,1,5,1,6,1,6,6,1
412,6,6,4,6,5,5,6,4,6,1
413,4,4,1,1,1,6,1,4,6,1
414,6,6,6,5,6,3,6,4,5,2
415,4,4,5,3,2,4,5,5,4,2
416,1,1,2,5,1,6,4,6,6,2
417,1,1,1,5,1,5,6,2,5,2
418,2,3,2,2,1,4,2,5,5,3
419,6,6,6,6,6,6,3,1,6,1
420,1,1,1,1,1,6,5,6,6,4
421,3,3,3,1,2,6,1,6,5,1
422,5,4,4,5,5,5,5,4,4,3
423,4,4,3,2,1,6,1,5,5,1
424,2,3,2,5,4,6,1,5,2,1
425,4,5,4,1,5,5,6,5,5,2
426,2,2,1,1,2,5,2,4,3,4
427,1,4,5,1,1,6,1,6,6,1
428,5,5,5,2,2,6,1,6,6,1
429,2,3,1,2,5,6,2,6,6,1
430,6,6,4,4,3,6,3,5,4,3
431,1,1,2,4,2,3,4,5,5,3
432,5,5,5,6,4,5,6,4,6,2
433,1,2,1,2,2,6,2,5,6,2
434,5,6,4,5,5,6,1,5,6,1
435,1,3,5,2,4,4,2,4,5,2
436,1,1,1,1,2,4,1,4,5,2
437,2,3,4,1,2,6,6,5,4,2
438,4,5,5,5,4,6,2,5,6,1
439,4,5,5,6,1,6,5,1,6,4
440,2,4,2,3,5,6,4,6,6,1
441,5,6,6,2,2,5,2,5,6,3
442,1,1,1,1,1,5,1,5,3,4
443,3,4,4,3,5,3,3,4,5,4
444,4,4,4,5,1,3,2,2,4,4
445,2,3,3,3,3,4,2,3,3,3
446,4,5,4,3,3,2,4,2,6,2
447,1,1,4,3,1,6,6,6,6,3
448,4,4,1,1,3,6,1,6,2,1
449,6,6,6,3,2,4,3,2,3,5
450,4,6,5,2,4,6,5,6,6,1
451,5,4,4,4,5,6,1,6,5,1
452,2,4,2,2,4,6,2,6,6,2
453,3,4,1,4,1,2,6,1,5,3
454,2,4,5,4,4,4,3,5,5,2
455,1,2,2,1,1,5,1,6,4,1
456,1,1,4,1,5,6,6,6,6,5
457,1,2,2,2,2,6,5,5,4,1
458,4,4,5,4,4,3,4,3,5,3
459,4,4,5,5,6,4,1,6,6,1
460,2,2,4,2,2,5,2,5,3,1
461,2,5,2,3,4,4,2,6,3,1
462,1,2,5,2,4,2,6,3,3,3
463,4,4,4,1,4,6,2,4,3,2
464,2,4,2,2,5,6,1,5,4,1
465,5,6,5,4,2,6,6,5,5,1
466,3,3,1,4,1,5,1,5,5,2
467,3,5,3,1,1,5,2,4,4,2
468,6,6,6,5,5,5,2,5,5,5
469,4,5,4,5,4,5,4,4,6,1
470,1,1,1,2,1,5,3,5,1,1
471,1,1,1,2,2,5,6,6,6,2
472,5,4,4,3,2,5,2,5,4,3
473,3,4,4,2,3,5,2,4,4,2
474,1,4,5,2,6,4,4,4,5,2
475,3,3,4,3,4,5,4,4,5,2
476,6,4,6,5,5,6,6,6,3,6
477,2,5,4,3,4,5,1,5,6,1
478,4,4,4,2,1,2,6,4,5,1
479,3,3,4,2,4,5,3,5,4,4
480,1,1,1,1,1,6,4,5,5,5
481,5,4,6,3,4,5,1,4,6,2
482,1,1,2,3,1,6,2,6,5,3
483,3,3,2,4,2,3,5,5,5,2
484,4,4,4,4,2,5,2,5,5,4
485,5,6,4,4,3,4,5,5,5,2
486,4,6,5,4,4,5,1,5,4,1
487,1,2,1,1,1,6,1,6,5,1
488,4,4,4,2,1,6,4,5,2,2
489,4,5,5,3,2,4,5,4,6,2
490,2,3,2,1,1,6,2,5,4,2
491,1,2,1,3,2,4,4,5,4,3
492,5,5,6,1,5,3,6,5,6,5
493,4,4,4,5,6,5,4,3,4,4
494,6,6,6,1,6,6,6,6,6,1
495,3,3,4,3,2,5,2,4,6,2
496,1,2,1,1,1,6,1,6,6,1
497,2,4,3,5,4,4,5,4,4,3
498,3,4,4,3,4,5,2,4,6,2
499,5,5,6,4,4,4,2,4,4,4
500,6,6,6,6,6,4,1,5,6,1
501,3,5,1,1,3,3,1,3,4,5
502,4,4,6,6,5,5,2,5,6,2
503,3,4,1,1,1,5,6,4,2,3
504,2,5,3,3,2,4,2,6,5,1
505,5,5,4,5,4,5,1,5,6,3
506,4,4,5,5,2,2,2,2,5,4
507,5,6,4,3,4,5,4,4,5,2
508,2,3,3,2,2,4,4,4,5,3
509,5,5,5,3,5,6,3,6,6,1
510,4,5,4,4,6,2,6,4,6,3
511,2,2,1,6,4,4,1,4,5,2
512,2,5,2,2,1,4,3,4,4,3
513,3,4,4,4,3,5,5,4,6,5
514,3,3,1,1,1,5,1,4,4,1
515,1,1,2,2,3,5,2,5,6,1
516,5,6,6,3,4,6,3,4,5,3
517,1,1,1,1,1,1,1,2,5,1
518,6,6,5,6,3,6,6,5,6,4
519,6,4,1,1,1,6,5,1,6,6
520,1,2,1,1,4,5,4,4,5,4
521,3,4,4,5,6,2,5,4,5,4
522,2,2,4,4,3,5,5,4,6,2
523,5,6,4,5,4,6,6,5,6,1
524,1,5,1,1,3,6,3,5,2,1
525,2,3,1,4,3,4,4,4,5,3
526,1,3,4,2,3,6,1,6,6,3
527,2,3,1,1,1,5,5,4,4,2
528,5,5,5,5,5,5,5,5,5,5
529,4,4,4,3,3,6,1,5,4,4
530,4,4,5,3,1,6,1,6,5,2
531,3,3,3,3,2,5,5,2,6,6
532,2,5,5,5,4,5,3,4,6,2
533,1,2,2,2,1,5,1,5,5,2
534,4,4,4,3,1,6,1,5,1,4
535,5,5,3,1,1,4,6,4,5,6
536,4,4,2,4,5,2,6,1,6,6
537,4,5,4,4,4,5,6,2,5,4
538,1,1,2,1,1,5,6,3,4,3
539,4,6,6,5,3,6,1,5,6,2
540,2,3,1,3,5,5,5,4,5,3
541,1,1,2,2,5,3,2,4,5,4
542,3,5,2,3,2,6,3,6,6,1
543,4,5,5,4,3,5,1,5,6,2
544,6,5,5,2,5,3,6,1,1,3
545,1,1,1,1,1,6,6,5,4,2
546,6,6,6,6,6,2,1,3,6,2
547,5,3,2,1,5,5,6,4,1,5
548,2,2,2,3,1,4,3,5,6,6
549,1,3,2,1,1,5,1,5,6,1
550,3,3,3,1,2,4,2,4,4,3
551,3,5,5,4,1,5,2,3,3,2
552,5,5,4,3,3,4,4,4,4,4
553,3,5,4,4,4,5,4,5,4,5
554,3,5,1,4,3,6,4,5,5,3
555,6,6,6,5,6,5,5,4,4,6
556,3,3,1,2,1,6,5,2,6,4
557,2,4,4,1,2,6,4,5,6,2
558,4,5,5,6,5,5,6,3,6,2
559,4,4,4,4,1,6,1,5,6,1
560,2,6,6,3,2,6,6,5,4,4
561,3,3,2,1,2,6,1,5,5,2
562,5,5,5,1,4,4,6,5,5,2
563,1,3,1,2,3,6,2,2,1,1
564,1,1,2,1,4,5,1,6,2,4
565,2,2,4,2,1,5,1,3,5,4
566,2,3,2,1,2,6,6,5,1,6
567,2,1,1,2,4,6,1,4,6,2
568,1,1,1,1,2,6,4,4,1,3
569,5,5,4,3,3,4,5,4,4,4
570,2,3,2,2,2,5,4,4,5,4
571,1,2,5,4,2,5,2,6,6,1
572,3,3,3,3,2,6,2,4,6,2
573,6,6,6,2,1,3,6,1,5,1
574,1,3,1,3,1,5,3,6,4,1
575,2,4,4,6,4,4,4,3,4,3
576,4,1,6,4,5,6,1,5,5,1
577,4,1,6,4,5,6,1,5,5,1
578,1,1,1,1,2,5,2,3,4,1
579,1,1,1,1,5,6,4,6,4,3
580,1,2,1,2,1,6,1,6,6,1
581,3,5,5,4,3,6,1,4,5,1
582,2,2,3,5,2,5,2,4,5,5
583,4,5,4,3,5,5,1,4,4,2
584,4,5,4,2,5,6,1,5,5,2
585,2,3,3,2,2,6,1,6,6,1
586,5,6,2,2,4,6,2,4,4,1
587,4,2,1,1,2,6,4,6,6,2
588,5,5,6,6,5,4,2,2,5,4
589,1,1,1,1,1,5,1,4,4,2
590,6,6,6,5,6,3,6,1,6,4
591,2,2,2,2,4,4,2,4,5,2
592,4,5,3,4,3,3,5,4,3,3
593,4,3,2,1,2,6,1,5,6,2
594,5,5,6,6,6,5,5,4,6,3
595,1,5,4,6,6,6,2,6,6,2
596,1,1,2,2,5,4,4,5,4,4
597,4,4,5,6,2,6,2,5,6,2
598,4,3,5,4,6,5,1,3,5,6
599,1,2,1,3,4,3,3,3,1,2
600,2,3,3,4,4,2,2,4,4,2
601,2,2,2,2,1,6,2,6,4,2
602,3,3,3,2,2,5,2,5,5,1
603,3,4,2,3,3,5,2,5,5,2
604,4,4,2,5,4,4,1,3,4,2
605,3,6,6,2,1,5,4,3,5,1
606,3,5,2,2,2,1,2,5,3,2
607,2,2,2,2,1,5,1,5,6,2
608,2,3,5,2,2,6,2,5,4,2
609,2,2,4,6,4,2,2,6,5,1
610,1,1,1,1,1,5,1,3,5,2
611,1,2,1,1,2,4,4,6,4,1
612,4,5,5,6,4,6,1,6,6,1
613,2,3,4,5,3,4,2,5,5,4
614,4,5,5,1,1,4,1,6,3,3
615,1,1,3,1,1,5,1,6,4,4
616,1,1,2,4,2,6,2,4,6,1
617,4,5,3,2,5,4,2,5,6,2
618,4,5,4,4,1,1,1,2,5,1
619,3,3,2,3,4,4,4,4,4,2
620,6,6,6,6,1,6,1,6,6,1
621,4,4,4,4,4,4,5,4,4,4
622,5,5,6,5,5,4,2,4,3,2
623,5,6,4,4,4,5,1,4,4,2
624,1,2,2,4,1,3,2,4,5,2
625,6,6,5,5,3,4,6,3,3,3
626,5,5,5,4,4,5,4,1,2,5
627,6,6,4,3,6,6,6,5,6,4
628,5,5,2,4,6,4,5,3,4,3
629,5,6,2,2,3,4,3,2,6,3
630,4,5,2,2,1,5,1,5,6,2
631,1,5,4,2,4,4,1,5,5,1
632,4,5,4,5,4,4,2,4,5,3
633,1,1,1,1,1,2,2,4,5,2
634,3,4,6,6,5,5,2,3,6,2
635,1,2,1,2,1,6,1,4,6,3
636,4,5,2,4,1,5,5,4,6,1
637,2,1,5,5,1,6,1,5,6,1
638,5,6,6,5,1,4,4,5,4,1
639,5,5,2,4,4,3,3,4,6,5
640,4,4,3,1,4,5,1,6,6,2
641,4,4,4,5,4,4,3,4,5,2
642,5,6,6,6,5,4,5,6,6,2
643,1,1,1,1,1,6,1,6,5,2
644,4,3,3,2,1,5,2,4,4,5
645,1,3,2,2,3,6,2,6,5,3
646,2,2,4,2,2,5,4,5,5,2
647,5,6,6,2,5,5,2,5,6,2
648,1,1,1,1,1,6,1,6,5,2
649,5,6,6,4,5,4,2,3,5,4
650,5,5,6,4,6,5,2,5,6,1
651,3,5,3,3,3,4,2,5,6,4
652,4,3,1,3,1,6,2,2,6,2
653,2,2,2,1,1,5,1,4,6,1
654,4,4,3,2,2,6,1,5,6,1
655,3,3,5,4,6,4,5,6,5,4
656,5,5,5,6,5,2,2,5,4,2
657,3,3,3,2,1,6,3,5,4,5
658,4,5,4,4,4,4,5,4,4,3
659,1,4,3,4,1,4,1,5,5,2
660,5,5,6,5,4,6,1,5,5,2
661,1,2,2,2,2,6,1,3,5,2
662,4,5,3,5,2,6,2,5,5,1
663,4,4,2,2,1,5,1,4,5,2
664,1,2,2,1,2,5,1,4,5,2
665,6,5,4,5,6,2,4,4,6,2
666,1,1,2,3,3,5,3,4,2,5
667,4,6,5,4,1,3,1,4,2,3
668,3,4,2,2,2,4,6,4,5,4
669,2,5,3,3,5,6,1,6,6,5
670,3,3,4,3,3,3,3,3,3,3
671,2,4,1,2,1,3,3,3,4,3
672,1,1,2,2,1,4,1,3,6,2
673,2,2,2,3,3,6,2,4,6,5
674,6,6,6,3,2,5,1,4,3,2
675,1,4,4,1,2,5,6,3,4,3
676,3,3,3,4,2,5,2,4,5,2
677,1,1,1,1,1,6,4,6,6,1
678,4,5,3,4,4,5,3,4,4,5
679,2,5,6,2,6,4,6,4,6,2
680,2,4,4,2,4,5,2,5,4,2
681,5,6,5,4,6,6,6,5,5,2
682,1,1,5,1,1,5,1,4,5,2
683,4,3,2,2,2,5,4,4,4,4
684,2,4,5,4,2,4,4,5,5,1
685,4,4,1,1,3,5,3,4,5,2
686,5,5,6,4,3,5,1,2,5,1
687,3,2,3,2,2,5,4,5,6,2
688,2,2,2,3,2,6,1,6,5,1
689,3,3,4,2,3,5,1,5,5,2
690,3,2,1,1,2,5,1,4,6,2
691,3,5,2,2,2,5,4,5,3,3
692,4,4,5,4,5,6,4,6,6,2
693,3,4,4,2,3,6,1,6,6,1
694,1,1,1,4,1,6,1,5,4,1
695,1,4,1,3,1,6,1,5,6,1
696,3,3,3,3,2,4,2,2,5,2
697,5,6,5,4,5,5,1,5,6,6
698,3,5,4,5,3,6,2,4,6,2
699,1,1,2,2,1,6,4,4,3,2
700,2,3,2,2,5,2,2,3,2,2
701,4,3,5,6,2,2,3,5,5,3
702,2,2,1,1,1,4,3,4,3,2
703,4,3,4,2,4,5,4,4,4,3
704,4,4,4,4,2,4,3,3,5,4
705,4,6,3,2,3,5,2,6,5,5
706,4,5,2,2,2,5,1,4,5,3
707,5,6,5,5,5,2,3,4,6,2
708,2,1,2,6,6,6,2,6,2,3
709,2,3,2,4,1,6,4,4,5,3
710,3,4,3,3,4,5,5,3,4,4
711,4,4,5,6,6,4,2,3,6,4
712,4,5,5,6,2,3,2,5,6,4
713,4,4,4,5,2,5,2,5,6,1
714,3,3,5,4,3,3,2,3,6,2
715,2,4,1,5,5,3,4,2,6,3
716,4,4,4,5,4,4,3,4,4,3
717,3,3,3,2,4,5,1,4,6,2
718,5,2,4,2,4,5,2,5,5,1
719,2,5,3,2,1,5,2,5,5,2
720,2,3,5,5,2,6,4,6,6,2
721,2,2,3,2,2,6,1,5,6,1
722,1,1,2,2,1,2,4,2,4,3
723,4,2,2,3,4,6,4,6,6,1
724,5,4,4,1,1,6,1,6,6,1
725,3,3,3,2,3,4,1,4,3,3
726,5,6,2,4,4,6,1,5,5,2
727,5,5,5,5,4,3,2,4,6,3
728,3,3,2,1,1,4,3,6,5,1
729,3,3,3,3,3,6,2,5,6,2
730,6,6,5,5,4,4,4,4,5,3
731,2,4,4,4,5,3,2,4,6,3
732,3,3,2,3,3,3,4,3,4,4
733,2,2,3,2,2,5,2,5,5,1
734,3,4,4,3,2,6,1,6,6,1
735,4,3,5,2,5,4,2,6,5,2
736,2,3,2,2,3,5,4,4,4,2
737,1,1,1,1,1,6,1,6,5,1
738,5,4,6,6,6,4,6,4,6,1
739,4,4,4,3,2,4,3,5,4,3
740,2,3,2,2,3,4,2,5,5,2
741,4,4,2,2,3,3,2,5,3,3
742,2,2,5,1,3,5,3,3,3,3
743,2,4,2,3,1,5,2,2,5,2
744,5,5,5,5,5,4,5,5,6,3
745,2,5,1,1,1,6,1,6,6,5
746,3,3,1,2,3,4,4,5,4,2
747,5,6,6,4,5,5,2,5,6,2
748,4,1,3,2,5,5,2,6,6,1
749,1,4,3,2,2,3,5,4,5,1
750,2,2,1,1,1,6,1,6,6,1
751,6,4,5,3,5,1,6,1,2,6
752,1,3,6,5,4,5,1,4,6,1
753,5,6,5,1,6,5,3,6,5,1
754,5,5,5,4,3,4,6,3,6,2
755,2,4,2,1,5,4,4,4,5,3
756,4,2,1,2,1,6,1,6,6,1
757,4,5,5,2,2,5,1,5,5,2
758,2,5,1,1,1,6,1,6,1,1
759,4,5,1,3,4,5,3,5,5,2
760,1,1,4,4,1,6,1,5,6,1
761,2,2,2,4,6,5,2,4,2,4
762,2,3,3,2,3,5,3,5,4,2
763,4,4,4,2,2,5,2,6,4,4
764,2,2,2,1,2,5,2,4,5,2
765,4,4,5,4,5,4,2,5,6,1
766,6,5,5,5,5,3,6,2,5,4
767,1,2,1,1,1,4,2,4,5,2
768,4,2,1,1,4,4,2,4,4,3
769,6,5,3,5,6,3,2,5,3,3
770,4,3,1,1,1,5,1,4,3,1
771,3,5,4,3,4,5,2,5,4,2
772,2,2,5,6,6,5,1,5,6,1
773,1,4,4,4,4,6,1,6,6,1
774,1,2,4,2,1,4,1,5,5,4
775,3,4,5,5,2,4,5,2,5,2
776,1,1,2,1,1,6,3,5,5,2
777,2,4,2,2,1,5,4,4,4,4
778,1,1,2,4,2,5,1,5,5,1
779,2,2,1,1,2,5,6,2,2,4
780,3,2,4,4,1,5,1,5,5,2
781,1,1,1,1,2,5,3,1,2,3
782,4,4,4,1,4,4,6,4,4,4
783,6,6,4,6,3,5,5,5,6,2
784,6,4,1,4,6,1,1,6,6,2
785,2,2,3,3,3,5,4,5,6,3
786,2,3,2,2,4,6,4,5,6,3
787,2,5,6,2,6,5,2,5,5,1
788,5,6,6,6,6,1,6,2,5,6
789,3,4,5,4,4,4,1,2,4,3
790,2,1,2,2,2,3,1,3,3,2
791,5,5,3,4,1,4,4,4,6,4
792,1,4,1,1,1,6,2,6,6,1
793,1,3,1,1,1,6,2,6,4,1
794,1,1,1,1,2,5,2,4,5,3
795,1,1,3,4,3,5,4,3,3,2
796,1,4,3,4,5,4,1,5,6,3
797,4,4,5,4,3,4,1,5,6,3
798,3,2,2,6,5,3,5,3,5,4
799,1,3,3,1,2,5,4,4,4,3
800,6,6,5,5,5,5,3,5,6,5
801,4,5,5,4,6,6,2,5,6,2
802,4,5,6,6,5,4,4,5,6,2
803,1,4,4,2,1,5,2,3,4,4
804,4,5,5,2,2,6,5,3,6,2
805,3,3,3,3,4,4,1,6,4,1
806,2,3,2,1,1,5,2,4,4,2
807,5,5,4,6,4,6,5,5,5,5
808,1,1,1,1,1,2,4,2,3,5
809,1,2,2,5,3,6,2,5,6,1
810,5,6,4,5,5,6,6,2,2,3
811,4,4,2,3,1,4,4,4,5,3
812,5,6,6,5,4,5,1,6,6,1
813,1,1,1,1,1,6,2,5,2,1
814,1,6,1,6,1,6,6,1,6,1
815,5,4,3,2,2,6,1,6,6,1
816,1,4,5,5,6,5,5,5,6,5
817,6,6,6,5,4,4,2,3,5,1
818,1,1,4,6,1,4,1,4,6,4
819,3,2,3,2,1,4,3,4,5,3
820,1,1,2,4,2,5,1,5,5,2
821,2,2,5,4,1,6,1,5,6,1
822,1,4,1,2,1,5,1,5,5,3
823,5,5,5,6,5,5,2,5,6,6
824,1,4,1,1,1,5,1,5,5,1
825,2,4,2,2,1,1,4,5,5,3
826,1,4,5,5,6,4,4,5,6,6
827,1,2,4,5,1,3,6,4,6,4
828,3,3,2,3,3,5,1,5,6,2
829,2,3,2,1,1,5,5,4,3,2
830,4,4,4,3,3,6,2,4,6,2
831,4,4,4,4,4,6,2,4,4,4
832,3,3,1,4,3,4,6,4,6,3
833,1,4,1,2,4,6,4,4,1,1
834,1,6,5,4,6,2,6,1,6,1
835,1,1,5,5,6,4,5,5,5,4
836,5,5,5,5,3,5,3,4,6,2
837,1,2,2,3,1,6,1,4,1,3
838,4,5,2,5,5,6,2,4,6,6
839,2,3,5,5,2,6,1,5,6,2
840,3,3,2,4,3,6,1,5,5,1
841,6,6,5,6,6,6,4,6,6,1
842,3,4,2,1,2,4,2,5,6,2
843,3,4,1,1,1,4,3,3,4,1
844,2,3,4,5,5,3,2,1,5,3
845,6,6,5,1,2,6,2,5,6,1
846,3,2,1,2,1,4,3,3,4,2
847,1,5,1,1,1,5,1,6,6,2
848,4,5,4,3,4,3,5,4,6,2
849,3,2,2,5,1,6,1,5,6,1
850,2,4,4,3,3,5,1,4,6,2
851,2,2,3,5,5,5,6,4,3,4
852,4,5,5,6,6,6,4,4,6,2
853,3,4,3,1,4,3,3,4,2,3
854,2,4,2,2,5,4,4,6,6,3
855,2,3,2,2,4,5,4,4,5,3
856,1,2,2,1,1,6,2,6,6,1
857,3,2,3,4,2,4,5,4,4,3
858,1,2,1,2,1,6,1,5,6,1
859,4,4,4,5,3,4,4,3,5,4
860,5,5,5,5,4,5,2,5,6,1
861,1,2,4,4,2,5,3,6,6,2
862,2,3,2,5,2,6,1,6,6,1
863,4,3,2,2,2,6,1,5,5,5
864,5,3,4,4,4,6,4,4,4,5
865,2,4,2,2,2,6,1,6,6,1
866,5,5,5,5,1,2,2,5,5,2
867,2,2,4,5,2,6,2,5,6,1
868,3,3,3,2,3,4,5,3,4,4
869,2,2,2,1,3,6,1,5,6,1
870,6,6,6,4,2,5,2,4,6,3
871,2,4,5,5,4,5,2,4,5,2
872,5,3,2,2,2,5,3,3,5,3
873,1,1,3,4,1,6,2,4,3,1
874,4,5,5,5,5,2,4,2,2,3
875,1,2,2,6,2,6,1,5,6,1
876,6,6,6,6,5,3,5,3,5,3
877,2,4,5,6,3,3,4,4,5,2
878,3,3,1,2,6,6,6,5,6,4
879,4,4,5,5,5,2,6,2,4,5
880,3,4,5,4,2,3,1,2,4,2
881,1,1,1,1,1,6,1,6,2,1
882,5,5,4,4,1,4,5,2,5,6
883,4,4,3,6,4,6,2,5,6,4
884,4,4,4,3,4,2,5,2,6,4
885,4,5,2,4,3,5,2,2,5,5
886,1,3,3,1,2,3,1,5,5,3
887,2,2,5,6,1,6,6,6,6,1
888,3,3,2,3,1,6,1,6,6,2
889,2,4,4,4,3,5,6,4,6,4
890,2,4,4,2,2,5,5,5,4,4
891,2,4,3,2,2,4,4,4,6,4
892,4,6,2,4,1,6,4,4,5,2
893,6,6,5,6,6,3,5,5,6,3
894,1,1,2,2,1,5,1,5,6,2
895,3,5,3,4,5,3,5,3,4,5
896,1,1,3,4,4,3,1,4,6,3
897,3,3,3,2,1,6,6,4,6,2
898,4,4,4,3,2,6,2,5,3,2
899,5,5,5,4,3,4,4,4,4,3
900,3,4,4,5,4,5,1,5,4,1
901,3,2,2,1,4,4,5,3,5,5
902,4,5,3,4,2,5,2,4,5,2
903,2,2,2,2,2,4,3,4,5,2
904,1,1,1,2,3,6,1,6,6,3
905,3,5,4,4,3,5,4,5,5,2
906,1,6,1,6,1,6,1,6,6,1
907,5,4,2,5,1,2,2,5,4,2
908,4,2,1,2,1,5,1,6,5,2
909,2,5,5,4,1,5,5,6,6,1
910,6,6,5,5,5,5,1,5,6,3
911,6,6,6,4,3,5,1,6,2,3
912,3,2,1,1,2,5,2,5,5,3
913,4,5,4,4,4,5,3,6,5,4
914,2,2,2,4,3,5,2,4,5,3
915,4,5,4,4,3,6,4,5,4,6
916,5,4,5,2,4,6,5,5,5,1
917,2,2,2,1,2,4,4,4,2,4
918,6,6,6,3,1,2,4,5,6,2
919,6,6,6,6,6,3,5,1,6,5
920,4,4,5,1,1,6,1,5,6,2
921,1,2,2,5,3,5,2,4,5,2
922,2,3,3,3,2,4,4,4,3,3
923,5,5,3,3,2,3,2,5,6,3
924,4,4,4,3,6,6,1,6,6,1
925,4,4,4,4,2,6,1,6,2,1
926,4,4,2,4,4,5,4,4,6,4
927,2,3,1,1,2,5,4,6,4,1
928,3,3,2,4,4,3,4,4,6,4
929,2,1,4,1,1,4,1,6,2,2
930,3,3,4,2,2,4,3,3,6,4
931,5,6,6,3,2,6,1,5,5,3
932,4,5,5,2,2,4,1,5,6,3
933,2,2,3,5,2,5,3,3,5,2
934,1,3,1,3,1,5,2,5,5,1
935,1,1,1,1,1,5,2,6,6,2
936,4,5,5,4,4,5,4,5,5,3
937,5,2,2,1,1,5,1,6,1,1
938,6,6,6,6,2,6,1,6,6,3
939,1,1,2,2,2,4,2,4,5,3
940,4,4,2,3,1,5,1,5,5,2
941,4,5,4,4,3,5,2,4,5,2
942,6,6,6,6,2,5,3,4,6,1
943,2,6,6,5,6,3,4,1,4,3
944,3,5,5,4,4,4,2,4,5,3
945,1,4,4,4,2,6,4,3,5,5
946,4,4,4,3,2,3,4,3,3,4
947,1,2,2,5,4,6,5,5,6,1
948,6,6,2,6,6,6,1,6,3,1
949,5,5,5,6,4,6,1,6,6,6
950,1,1,1,1,2,5,1,4,4,2
951,1,1,1,1,1,6,1,6,1,1
952,4,2,4,3,2,4,2,4,4,4
953,4,4,4,3,2,4,2,5,6,1
954,1,2,2,1,2,6,1,6,5,2
955,1,3,6,6,6,6,4,3,6,1
956,2,2,2,4,1,5,1,5,6,1
957,3,3,4,3,5,5,4,3,5,4
958,1,2,1,2,1,5,2,6,4,2
959,4,4,3,3,4,2,3,4,3,3
960,2,2,2,2,2,3,3,4,3,3
961,1,2,2,2,5,4,2,5,2,3
962,6,6,6,6,5,4,3,3,5,3
963,1,3,4,2,4,4,4,3,4,3
964,3,4,2,3,5,6,2,4,6,5
965,1,2,3,1,2,3,4,5,4,2
966,6,6,5,4,1,3,2,4,6,4
967,2,2,6,6,5,6,1,5,6,3
968,5,5,4,2,6,6,3,4,6,5
969,2,2,1,1,2,6,1,5,6,1
970,2,2,1,1,1,6,1,6,6,1
971,3,2,2,2,2,2,3,4,3,4
972,5,4,5,1,2,5,2,5,3,1
973,6,6,6,4,2,4,2,4,4,3
974,2,2,1,2,1,2,5,2,5,1
975,2,2,2,4,4,5,2,4,5,1
976,1,4,1,5,1,6,1,5,3,1
977,1,4,1,1,3,5,1,4,5,2
978,5,4,4,6,3,2,3,1,4,3
979,1,1,1,4,1,5,4,2,6,2
980,1,3,2,2,2,6,3,5,4,3
981,2,3,4,3,2,5,2,5,5,3
982,5,5,5,4,1,6,2,6,6,1
983,3,3,1,3,2,3,3,2,4,3
984,1,1,1,1,1,6,1,5,4,4
985,5,5,4,6,3,6,4,5,6,5
986,3,4,4,3,4,5,1,5,5,2
987,2,3,3,2,5,5,1,5,6,2
988,1,2,4,3,2,6,1,6,4,1
989,5,5,4,2,2,6,1,5,6,2
990,3,4,4,1,3,4,4,4,5,2
991,2,3,2,5,6,6,5,5,6,3
992,1,1,2,4,6,6,1,5,6,3
993,1,4,4,5,6,6,2,4,5,2
994,5,6,5,3,4,6,1,5,6,2
995,1,1,1,1,1,6,2,5,6,6
996,4,4,2,2,2,5,5,5,4,2
997,2,4,2,2,3,3,4,4,3,3
998,5,5,6,4,4,5,2,3,5,1
999,3,5,1,1,1,6,2,5,5,5
1000,3,4,4,5,2,5,1,5,6,2
1001,1,2,1,2,1,5,2,5,5,2
1002,3,3,4,5,3,6,2,5,6,2
1003,4,5,2,4,2,5,1,6,4,1
1004,2,2,1,1,1,6,1,5,6,1
1005,2,4,1,1,1,5,1,4,3,2
1006,5,5,5,4,2,5,4,6,6,1
1007,4,5,4,2,4,6,6,6,5,3
1008,1,4,1,2,1,5,2,6,4,1
1009,2,3,2,2,2,4,3,6,5,3
1010,2,5,4,2,6,5,4,5,6,1
1011,5,6,6,2,4,4,5,3,2,4
1012,1,1,1,1,1,5,2,5,5,2
1013,3,5,4,3,1,5,1,4,4,3
1014,1,1,3,2,4,6,1,6,6,1
1015,5,4,6,5,5,6,4,5,6,2
1016,3,3,2,3,1,4,2,4,6,2
1017,1,2,2,2,3,5,2,5,5,2
1018,2,2,2,4,2,3,3,2,5,2
1019,1,2,2,2,2,2,1,3,6,1
1020,1,2,2,1,1,6,3,3,3,4
1021,1,1,1,2,2,6,1,6,6,1
1022,1,1,1,1,3,5,3,5,5,2
1023,3,4,4,1,2,5,6,4,4,4
1024,1,2,2,2,2,4,5,2,6,2
1025,3,2,2,2,4,4,4,4,2,4
1026,2,3,2,3,4,5,1,5,4,1
1027,6,5,5,4,2,5,3,4,6,3
1028,4,4,3,1,1,6,3,6,4,1
1029,1,1,3,2,1,5,1,4,6,1
1030,3,4,5,5,6,5,3,5,6,2
1031,2,2,4,4,4,6,2,6,6,2
1032,6,6,6,5,4,6,1,3,3,3
1033,5,5,5,2,1,5,2,6,5,1
1034,3,3,2,5,6,5,2,5,6,1
1035,1,2,4,3,2,6,2,5,6,2
1036,1,4,4,6,6,6,4,6,1,1
1037,4,6,5,2,2,4,5,3,6,4
1038,6,6,6,3,6,6,1,6,6,1
1039,1,1,5,5,1,6,3,2,6,4
1040,2,3,4,3,1,4,2,4,5,3
1041,1,2,5,5,5,5,1,5,5,2
1042,2,5,5,6,5,6,3,5,6,1
1043,1,2,1,1,1,6,1,5,6,1
1044,2,3,3,3,3,5,3,1,6,4
1045,3,3,5,6,3,5,1,6,6,1
1046,1,1,1,1,1,6,1,6,4,1
1047,3,5,4,3,2,4,2,4,5,2
1048,2,2,1,2,3,6,2,6,5,1
1049,6,6,5,4,6,5,6,5,6,5
1050,1,1,1,5,2,5,2,5,6,1
1051,2,2,2,5,3,2,5,4,3,5
1052,2,2,4,3,2,2,4,4,4,4
1053,2,3,2,4,2,4,2,2,6,3
1054,2,4,6,5,1,6,1,5,6,1
1055,1,2,2,1,4,5,4,5,6,1
1056,2,2,4,2,1,6,2,4,5,1
1057,4,4,3,4,2,6,1,5,5,1
1058,4,4,4,4,3,5,3,4,5,1
1059,2,3,4,4,3,6,2,4,5,3
1060,4,6,4,1,1,6,1,6,6,1
1061,1,1,2,2,2,5,3,5,6,1
1062,3,4,3,2,4,4,3,5,5,2
1063,3,5,3,2,4,6,5,1,3,5
1064,1,2,1,2,1,5,3,5,5,3
1065,3,5,4,5,5,6,6,1,4,5
1066,2,5,3,2,4,5,2,2,6,2
1067,2,4,5,5,4,6,1,5,6,1
1068,1,1,1,1,1,5,1,6,6,1
1069,2,3,2,4,1,3,2,6,5,1
1070,1,2,6,1,4,6,1,2,6,5
1071,3,2,1,5,1,6,6,6,5,4
1072,1,2,4,4,1,6,5,6,6,1
1073,1,1,1,1,1,6,1,6,6,2
1074,1,1,2,2,1,6,4,5,5,2
1075,2,4,3,4,3,6,1,3,5,2
1076,3,1,2,1,2,5,5,4,3,3
1077,3,2,3,5,3,3,3,4,6,2
1078,2,2,5,4,3,5,4,3,6,3
1079,6,6,4,5,6,4,4,3,5,4
1080,5,5,5,4,5,3,3,4,5,2
1081,6,6,5,6,6,5,1,6,6,1
1082,2,4,1,6,1,6,1,1,6,1
1083,1,2,2,4,4,4,5,3,2,2
1084,1,1,1,1,1,6,1,4,6,2
1085,2,2,1,1,1,6,1,5,6,4
1086,2,3,4,3,6,3,4,4,5,4
1087,2,4,5,1,1,5,6,4,6,2
1088,1,1,1,1,4,5,5,4,6,2
1089,3,4,5,1,4,4,3,4,6,3
1090,2,5,4,4,2,6,2,6,6,1
1091,2,4,2,2,2,5,1,4,5,3
1092,2,4,1,5,1,6,1,4,6,1
1093,1,2,6,4,6,6,2,6,6,5
1094,4,4,4,3,2,5,2,6,6,1
1095,2,4,5,5,1,6,1,6,6,1
1096,1,1,2,4,5,2,1,5,5,2
1097,2,2,3,4,3,6,1,3,6,2
1098,2,2,2,2,2,5,3,4,2,2
1099,3,4,2,1,2,6,4,5,5,3
1100,2,2,2,1,4,5,2,6,6,1
1101,4,4,4,5,6,6,4,5,6,2
1102,4,5,4,3,4,5,2,4,3,3
1103,2,3,1,1,2,5,1,5,4,3
1104,2,3,3,2,3,5,2,6,6,5
1105,2,2,4,4,2,5,2,4,5,2
1106,4,4,4,4,4,6,2,5,6,2
1107,3,3,2,1,2,6,4,5,5,2
1108,5,5,5,3,5,4,5,3,4,3
1109,3,4,3,3,2,5,4,5,5,1
1110,4,4,6,4,4,5,4,6,6,1
1111,1,1,1,1,1,6,1,6,1,6
1112,5,4,2,5,2,6,2,2,6,2
1113,3,4,5,5,2,4,4,3,6,2
1114,6,6,6,5,6,6,1,5,5,1
1115,5,5,4,5,3,4,1,4,4,4
1116,2,3,2,3,1,4,2,5,5,3
1117,2,5,4,2,1,5,2,5,6,4
1118,2,4,4,4,2,6,2,5,5,2
1119,2,3,5,4,4,4,4,5,6,2
1120,2,3,2,3,5,6,5,6,6,3
1121,3,4,4,4,4,5,1,5,5,2
1122,2,4,2,4,2,5,2,6,6,2
1123,5,3,4,6,2,5,1,1,5,3
1124,2,4,1,1,1,5,2,6,6,2
1125,2,2,2,2,6,3,4,4,4,3
1126,1,2,1,3,2,3,2,4,4,4
1127,1,3,1,1,5,4,4,5,4,4
1128,1,1,1,3,2,6,2,4,5,2
1129,5,4,5,5,5,5,3,5,6,1
1130,4,4,4,4,2,5,3,5,5,2
1131,1,2,2,2,2,6,1,6,5,1
1132,5,5,2,6,3,2,5,2,5,3
1133,6,5,6,6,4,5,1,5,6,1
1134,1,2,1,4,4,5,4,4,5,2
1135,2,2,2,2,2,5,2,4,1,2
1136,6,6,6,6,3,1,1,1,6,2
1137,1,2,1,1,1,6,1,6,5,1
1138,4,2,2,2,3,6,2,3,5,4
1139,4,4,4,3,4,5,3,3,5,2
1140,6,6,6,6,6,6,1,6,2,2
1141,5,5,5,4,2,6,1,5,6,2
1142,2,2,3,3,1,5,1,5,4,3
1143,1,3,3,2,2,6,3,6,5,3
1144,5,5,2,5,6,6,2,6,6,2
1145,1,2,2,5,5,4,1,2,5,1
1146,1,1,2,4,4,6,2,5,5,2
1147,5,5,4,4,4,5,4,3,6,3
1148,4,4,2,3,2,6,3,4,5,2
1149,2,3,5,4,1,6,3,5,6,2
1150,2,2,2,2,6,3,3,4,6,1
1151,3,2,3,1,3,6,3,4,5,4
1152,2,2,2,5,3,6,3,4,2,2
1153,5,5,4,6,5,4,5,2,5,4
1154,2,3,1,2,2,6,1,6,6,1
1155,5,4,4,3,4,5,2,4,6,2
1156,1,2,1,2,1,4,3,4,5,2
1157,5,5,5,6,6,6,6,5,6,4
1158,1,1,1,1,1,5,2,6,6,2
1159,4,5,5,5,4,5,5,4,6,2
1160,6,6,6,6,3,6,3,6,6,1
1161,3,4,4,6,4,5,3,4,5,2
1162,1,3,1,2,1,6,1,6,4,4
1163,4,1,1,2,4,6,1,6,5,1
1164,5,5,4,5,4,5,2,2,5,4
1165,4,4,2,3,2,5,3,6,6,2
1166,5,5,2,4,4,6,1,4,6,1
1167,1,1,2,2,2,4,3,6,6,1
1168,3,4,4,4,3,6,3,6,6,2
1169,3,4,4,4,4,5,2,3,4,5
1170,2,4,1,2,4,5,1,4,4,3
1171,2,2,4,3,2,5,3,5,4,3
1172,1,2,2,1,1,6,1,5,5,3
1173,1,2,1,1,2,6,4,5,4,1
1174,3,3,4,5,5,3,2,3,5,3
1175,6,6,6,6,6,6,1,3,6,1
1176,1,1,1,1,2,6,4,5,6,1
1177,1,3,4,4,4,5,4,4,5,2
1178,4,6,2,1,4,4,6,4,5,4
1179,3,3,2,2,2,4,2,4,3,4
1180,1,3,3,1,1,5,2,6,6,1
1181,1,4,1,3,2,5,2,5,5,1
1182,1,2,2,4,3,4,4,4,4,3
1183,4,4,5,4,6,3,5,3,5,2
1184,3,1,2,1,1,5,4,4,3,2
1185,2,4,1,2,2,4,5,4,5,4
1186,4,4,2,4,2,5,3,5,5,1
1187,6,6,6,6,6,6,1,6,6,1
1188,1,1,2,1,1,6,1,5,6,1
1189,1,1,1,1,1,4,4,4,5,4
1190,3,4,3,6,4,6,1,6,6,6
1191,2,2,2,4,4,5,4,4,4,4
1192,4,5,4,4,2,4,6,4,6,3
1193,5,6,5,4,5,5,3,5,5,2
1194,1,2,1,3,2,4,2,5,5,3
1195,1,4,1,1,1,6,2,6,6,2
1196,2,3,3,2,2,6,2,5,6,2
1197,2,3,2,5,1,6,1,6,6,2
1198,3,2,4,2,1,6,2,3,5,4
1199,5,5,6,5,5,5,2,5,6,2
1200,4,3,2,2,3,5,3,4,5,4
1201,4,3,6,5,6,1,6,2,6,2
1202,3,2,2,2,2,5,2,4,5,4
1203,5,5,6,6,2,4,2,2,6,3
1204,2,2,1,1,2,5,3,3,5,3
1205,3,4,4,2,6,4,5,4,1,1
1206,1,4,1,1,1,5,1,5,1,5
1207,2,2,2,3,3,3,2,4,5,1
1208,5,6,4,5,5,3,2,5,5,2
1209,2,2,2,2,2,4,2,1,4,4
1210,3,4,2,2,2,5,3,3,4,2
1211,4,5,4,3,4,4,1,4,5,2
1212,3,4,6,4,3,4,2,4,5,4
1213,1,1,2,5,5,3,2,3,5,2
1214,1,4,4,3,2,4,3,1,4,3
1215,2,3,2,3,2,4,3,4,5,3
1216,5,6,5,6,1,5,2,4,6,4
1217,2,5,5,6,2,5,2,5,6,1
1218,4,6,2,6,3,6,1,5,1,5
1219,5,5,6,6,4,6,5,4,6,6
1220,2,2,5,4,2,6,3,5,6,2
1221,2,2,2,4,2,4,2,4,4,3
1222,2,5,4,6,1,6,5,1,6,5
1223,2,2,1,1,1,5,2,6,5,1
1224,2,2,1,1,1,5,2,5,5,1
1225,4,5,4,5,2,6,3,5,5,2
1226,1,2,4,2,1,6,1,6,5,1
1227,4,4,3,4,4,2,5,1,4,4
1228,1,2,3,4,1,4,1,4,4,3
1229,2,3,4,3,3,4,2,3,4,3
1230,1,2,3,2,2,4,1,6,6,1
1231,5,5,5,4,5,6,1,5,5,1
1232,3,3,2,2,3,5,3,5,5,2
1233,4,4,1,1,1,5,1,5,4,1
1234,3,4,4,5,5,5,3,2,6,1
1235,3,4,2,4,1,5,4,5,6,1
1236,2,2,4,2,1,5,3,5,6,2
1237,1,5,1,4,2,4,2,3,4,3
1238,2,2,2,2,1,6,1,6,6,1
1239,1,1,1,2,1,5,5,4,6,4
1240,2,2,2,1,1,6,2,5,4,1
1241,3,5,2,4,4,4,2,4,6,2
1242,3,4,2,1,3,4,6,3,6,3
1243,5,4,3,2,4,4,2,4,6,3
1244,1,1,1,1,1,6,4,4,4,2
1245,3,2,3,3,2,4,5,4,5,4
1246,2,2,3,1,2,6,1,5,4,3
1247,1,2,4,3,5,5,6,1,6,3
1248,3,2,5,3,3,5,2,5,5,3
1249,3,4,4,2,2,4,6,4,2,3
1250,6,6,6,6,6,6,5,4,6,4
1251,2,3,2,1,2,4,1,2,5,3
1252,6,6,6,6,5,3,4,5,6,3
1253,4,5,2,3,3,4,3,4,5,4
1254,6,5,5,6,5,6,1,6,6,1
1255,3,4,4,4,5,5,5,4,2,4
1256,2,4,3,2,3,5,3,5,5,1
1257,1,3,3,4,5,4,2,5,5,3
1258,1,1,5,4,1,6,1,5,6,4
1259,1,4,1,1,4,3,5,4,2,3
1260,3,4,5,5,4,6,5,5,6,1
1261,2,4,3,3,3,4,3,4,5,3
1262,2,2,2,2,2,4,2,5,4,3
1263,1,5,5,5,4,6,4,6,6,1
1264,6,6,6,6,5,6,4,6,6,1
1265,4,4,4,4,2,5,4,4,4,2
1266,2,3,3,2,2,5,1,4,6,5
1267,2,6,1,1,1,6,1,6,6,1
1268,1,1,1,4,5,4,4,4,5,2
1269,4,5,3,4,6,5,3,5,5,2
1270,5,5,1,4,3,6,1,3,1,2
1271,3,4,4,4,1,5,2,6,6,1
1272,2,2,1,2,2,5,2,5,6,2
1273,2,2,1,3,3,6,2,5,6,1
1274,4,4,2,4,4,5,1,5,6,2
1275,2,4,1,2,1,6,2,3,5,1
1276,1,4,2,1,1,6,2,4,5,1
1277,6,6,5,4,4,5,2,4,4,3
1278,2,5,5,5,5,5,2,4,5,2
1279,4,4,4,3,4,3,2,5,5,3
1280,4,2,1,1,5,6,2,5,5,4
1281,5,3,2,4,4,5,2,4,5,5
1282,5,5,6,5,5,6,4,6,6,1
1283,1,2,2,4,1,5,2,6,6,2
1284,3,3,4,4,5,4,3,3,6,4
1285,1,4,1,1,1,6,3,5,6,3
1286,1,3,5,4,4,3,4,5,6,2
1287,1,1,1,1,1,2,1,5,4,1
1288,1,1,1,2,1,5,1,6,5,1
1289,5,5,3,4,5,5,5,4,5,5
1290,2,2,1,1,4,5,6,3,5,1
1291,3,2,4,2,2,5,3,3,4,4
1292,1,4,1,1,1,4,2,4,5,2
1293,3,4,3,3,3,4,3,3,5,3
1294,1,1,1,1,1,4,3,5,6,1
1295,2,2,2,2,2,6,4,5,4,4
1296,2,2,3,3,3,5,2,5,4,2
1297,1,2,3,3,3,5,2,5,5,1
1298,1,1,1,1,2,6,2,3,5,2
1299,2,2,2,1,3,4,2,2,6,2
1300,1,1,1,4,1,5,4,5,5,1
1301,2,1,2,4,3,5,1,5,5,5
1302,5,5,4,6,5,5,5,3,6,5
1303,5,4,5,5,1,5,1,6,6,1
1304,2,5,2,3,2,4,1,6,6,2
1305,4,4,2,5,3,2,6,5,3,4
1306,2,3,2,3,3,5,5,2,3,2
1307,3,4,5,3,6,4,6,5,6,1
1308,3,2,6,4,2,4,2,5,5,3
1309,4,4,1,1,3,4,1,4,6,6
1310,5,5,5,6,6,6,5,5,6,5
1311,4,5,5,4,5,6,2,5,6,3
1312,5,6,5,5,4,4,5,6,6,3
1313,6,6,4,6,4,6,1,4,5,3
1314,2,2,3,2,2,5,1,5,6,2
1315,3,4,4,4,4,4,2,4,6,4
1316,6,6,5,5,5,6,2,1,6,3
1317,6,4,4,2,2,4,1,5,6,5
1318,1,3,1,2,4,5,2,5,5,1
1319,2,3,2,2,6,4,5,5,4,2
1320,2,3,3,4,3,5,2,5,5,2
1321,6,6,6,6,5,6,3,5,5,3
1322,2,4,4,4,5,4,2,4,6,2
1323,2,2,2,3,3,4,2,4,4,3
1324,1,3,1,4,2,4,3,4,4,2
1325,1,1,1,2,5,6,5,5,6,6
1326,2,3,3,2,1,6,4,4,6,2
1327,6,6,6,5,6,6,1,6,6,1
1328,4,5,3,5,4,6,2,5,6,1
1329,2,2,2,2,2,3,2,3,4,2
1330,3,3,3,4,1,6,2,6,5,1
1331,1,1,2,4,2,5,1,4,5,2
1332,4,4,4,4,5,5,3,6,6,2
1333,5,6,6,5,5,6,2,4,5,5
1334,3,4,3,4,5,5,4,1,4,5
1335,3,4,2,6,4,5,2,2,6,3
1336,5,5,4,3,3,6,1,3,6,1
1337,2,2,2,1,2,5,2,4,5,2
1338,2,5,4,2,4,5,2,4,3,2
1339,1,4,2,3,2,5,2,4,4,2
1340,6,6,5,5,3,3,4,2,5,4
1341,2,3,3,2,2,5,4,3,5,2
1342,3,4,4,5,4,2,1,2,5,3
1343,1,4,6,2,1,4,4,3,6,4
1344,1,1,1,1,1,1,1,1,1,1
1345,4,5,4,2,4,6,1,5,5,1
1346,1,1,2,2,2,6,1,6,6,1
1347,3,3,5,2,5,6,2,5,6,3
1348,2,2,4,4,2,5,3,4,6,3
1349,4,5,5,6,6,5,6,4,6,5
1350,1,1,1,1,1,6,1,5,6,1
1351,4,4,2,4,1,6,1,2,6,2
1352,5,4,4,4,3,4,2,5,6,2
1353,1,3,4,6,5,6,2,4,6,2
1354,2,3,4,4,4,3,2,2,6,4
1355,5,5,5,5,4,6,1,3,6,1
1356,5,5,5,2,3,3,5,3,4,2
1357,2,4,4,5,1,6,2,1,6,5
1358,2,3,2,4,1,3,2,5,5,2
1359,3,2,2,4,2,5,2,5,5,2
1360,4,4,4,5,4,4,2,6,5,2
1361,1,2,1,4,2,6,4,5,2,2
1362,1,1,1,1,1,6,1,6,6,1
1363,1,2,2,2,1,6,1,6,5,2
1364,4,4,3,5,6,2,5,3,6,3
1365,3,5,1,2,4,5,2,5,6,2
1366,2,4,2,6,2,2,5,4,3,3
1367,4,5,5,4,3,4,4,3,4,4
1368,2,4,3,3,2,3,4,2,3,3
1369,1,2,4,1,2,6,1,5,6,2
1370,3,3,3,4,1,5,2,5,5,1
1371,3,2,3,2,1,4,3,5,6,2
1372,2,3,5,3,2,6,1,4,6,1
1373,4,3,4,2,6,4,4,3,4,4
1374,1,4,2,5,1,6,6,5,6,3
1375,4,5,4,3,3,4,2,4,6,4
1376,5,5,5,4,1,5,2,3,6,4
1377,4,2,3,4,1,6,2,6,5,2
1378,3,6,4,4,4,2,3,1,2,5
1379,2,5,4,1,2,5,1,5,5,3
1380,1,6,2,2,3,5,4,6,4,2
1381,4,4,5,5,3,5,2,2,6,5
1382,6,6,5,5,6,4,5,5,5,4
1383,6,6,6,4,6,4,3,3,4,3
1384,4,3,2,3,2,6,2,5,5,2
1385,5,5,2,4,1,6,1,6,6,1
1386,6,6,6,5,5,4,4,5,6,4
1387,1,2,1,2,1,3,4,4,6,2
1388,2,5,2,1,2,6,4,5,1,2
1389,2,3,3,4,4,5,4,4,5,2
1390,2,4,2,2,2,3,2,5,6,2
1391,6,6,6,6,6,4,2,2,6,3
1392,2,2,1,1,2,3,3,5,2,2
1393,3,4,2,5,4,4,3,4,4,2
1394,2,3,2,5,3,4,2,4,5,2
1395,5,4,5,4,5,6,3,5,6,2
1396,2,2,4,1,1,5,1,5,5,6
1397,5,6,1,6,1,3,1,5,6,1
1398,2,4,2,2,2,5,2,5,5,2
1399,4,3,2,4,2,6,1,6,6,1
1400,2,4,4,5,3,5,3,5,5,3
1401,2,3,3,3,1,6,4,6,5,1
1402,3,4,4,3,4,5,2,3,5,3
1403,6,6,3,1,1,5,3,6,6,1
1404,1,1,1,1,1,5,1,6,4,1
1405,1,2,1,2,1,4,1,5,6,1
1406,4,4,4,3,4,4,3,3,4,3
1407,4,4,5,1,1,4,1,2,4,4
1408,4,5,5,2,3,4,3,4,4,2
1409,1,1,1,2,1,5,1,4,4,2
1410,1,1,4,5,4,5,5,5,5,2
1411,3,2,2,4,5,5,4,4,4,4
1412,5,5,5,4,3,5,3,5,5,4
1413,4,2,6,2,2,5,1,5,6,1
1414,2,2,6,2,2,5,1,5,6,1
1415,6,5,6,6,6,6,1,6,6,1
1416,2,3,4,3,2,4,1,6,4,1
1417,3,4,3,1,2,6,1,6,6,1
1418,3,6,1,5,1,6,1,6,6,1
1419,1,2,2,2,1,6,2,5,5,1
1420,6,6,6,1,5,5,6,3,5,4
1421,2,2,4,4,4,5,2,5,6,1
1422,2,5,3,2,3,5,5,3,2,4
1423,2,3,4,5,4,6,1,6,6,3
1424,1,4,2,5,4,5,2,6,5,1
1425,6,6,6,6,6,4,5,5,4,4
1426,2,5,5,3,1,4,4,4,6,3
1427,6,5,5,6,4,6,3,4,6,1
1428,4,5,6,3,5,5,4,4,5,4
1429,4,4,3,4,3,6,2,6,5,1
1430,2,1,2,4,4,6,2,5,6,1
1431,1,2,1,2,1,5,2,5,2,5
1432,3,6,4,2,3,5,1,4,5,1
1433,2,3,5,6,2,6,4,4,6,1
1434,6,6,4,6,6,5,3,1,6,4
1435,5,5,5,2,3,6,2,5,5,1
1436,5,6,4,3,3,5,1,5,6,2
1437,1,1,3,4,1,6,1,6,5,1
1438,6,6,5,4,4,5,3,5,6,1
1439,2,3,1,2,1,5,3,4,5,3
1440,4,4,6,2,1,4,1,5,4,2
1441,1,1,1,1,1,6,2,5,5,1
1442,5,5,5,4,4,4,4,5,5,2
1443,5,4,5,4,4,5,6,5,5,5
1444,6,6,4,3,3,5,2,4,6,3
1445,2,4,2,2,5,4,4,5,6,3
1446,2,4,4,3,4,4,2,2,5,4
1447,6,6,6,6,6,6,3,5,6,4
1448,2,2,2,1,1,6,2,5,2,1
1449,4,5,5,2,2,4,4,5,5,2
1450,4,5,2,4,6,5,1,5,2,2
1451,1,2,1,3,4,5,5,3,4,4
1452,4,5,4,4,6,6,3,6,6,2
1453,2,4,4,3,2,5,3,4,4,3
1454,2,4,1,1,1,5,5,6,6,2
1455,5,4,5,5,2,4,6,1,6,6
1456,2,5,6,3,5,2,4,2,3,5
1457,5,6,5,2,4,6,5,5,5,3
1458,6,4,6,2,5,4,4,3,6,5
1459,1,1,3,3,3,6,1,6,5,2
1460,3,4,2,4,2,4,3,6,6,2
1461,2,3,4,2,2,4,1,5,4,2
1462,5,5,5,5,5,5,5,5,5,5
1463,5,6,5,5,5,4,2,4,6,1
1464,2,3,6,6,4,6,2,5,6,2
1465,2,2,5,2,1,5,3,5,6,2
1466,2,2,2,4,1,6,2,6,6,1
1467,6,6,6,6,6,6,6,4,6,1
1468,1,1,1,1,1,5,2,5,4,2
1469,2,5,4,4,4,5,2,6,6,2
1470,5,6,4,5,5,5,6,5,6,2
1471,5,1,4,5,5,5,1,5,6,2
1472,5,1,4,5,5,5,1,5,6,2
1473,1,1,4,2,5,5,1,5,6,2
1474,1,1,4,2,5,5,1,5,6,2
1475,1,1,4,2,3,5,1,3,6,2
1476,1,1,4,2,6,5,1,6,6,2
1477,1,1,1,2,6,5,1,6,1,2
1478,1,1,6,2,6,5,1,6,6,2
1479,1,1,6,2,6,5,1,6,6,2
1480,1,2,2,2,3,4,3,2,2,5
1481,5,5,6,5,5,4,3,5,5,5
1482,6,6,6,6,6,4,4,6,2,6
1483,3,3,4,2,4,4,4,4,4,3
1484,5,5,5,6,2,4,2,5,5,4
1485,1,2,4,1,1,4,1,4,1,3
1486,1,2,1,1,2,6,3,4,4,2
1487,2,2,5,4,3,4,5,4,5,2
1488,2,4,2,2,2,3,4,4,4,2
1489,2,2,2,2,2,4,3,5,6,4
1490,1,1,1,2,2,6,4,4,4,5
1491,2,4,1,4,2,6,1,4,6,1
1492,2,1,2,2,2,3,3,3,2,2
1493,4,5,4,5,2,6,1,6,6,2
1494,1,1,5,4,2,4,3,2,3,3
1495,2,4,5,3,5,3,2,4,4,4
1496,3,2,3,2,2,6,2,5,5,2
1497,6,6,5,5,3,2,5,6,6,4
1498,2,3,2,3,1,6,2,5,6,2
1499,4,5,2,3,4,3,3,3,6,3
1500,4,4,4,4,5,6,1,6,6,3
1501,3,5,3,2,2,4,1,6,6,1
1502,2,2,2,4,3,3,3,4,5,4
1503,4,3,5,6,2,6,1,6,6,1
1504,4,4,3,4,4,6,1,6,6,1
1505,2,2,1,3,1,5,2,5,6,2
1506,2,2,1,1,3,6,4,6,6,3
1507,5,6,5,5,1,5,1,6,6,2
1508,5,6,3,4,2,4,1,5,6,2
1509,4,6,6,6,5,5,6,6,6,5
1510,1,1,5,6,1,5,1,5,5,4
1511,4,3,4,5,4,6,4,4,6,2
1512,1,1,1,6,1,5,1,5,5,1
1513,2,4,2,2,5,4,2,2,6,1
1514,1,1,5,4,3,5,2,6,6,1
1515,1,2,3,3,2,6,2,4,5,3
1516,3,3,2,2,1,4,4,4,6,2
1517,3,5,2,2,3,2,4,5,6,1
1518,4,6,6,6,2,6,3,5,6,3
1519,1,1,2,1,1,6,1,6,6,1
1520,2,2,2,2,4,5,3,5,5,1
1521,4,3,2,3,2,5,2,4,5,2
1522,1,1,2,1,4,5,1,5,5,5
1523,1,1,1,1,3,6,4,6,6,6
1524,4,4,4,4,4,3,3,3,5,3
1525,1,2,1,3,1,3,2,3,5,3
1526,4,4,5,1,5,2,4,3,5,4
1527,4,4,4,4,4,4,4,5,6,4
1528,1,2,2,2,4,5,1,6,6,2
1529,3,3,2,2,2,6,1,5,5,3
1530,4,5,5,5,2,3,2,5,6,1
1531,4,5,5,6,2,2,4,5,6,2
1532,2,2,2,2,2,4,3,5,6,4
1533,1,3,1,1,3,6,1,6,6,3
1534,2,3,4,1,2,5,2,5,6,1
1535,1,2,3,3,2,6,2,6,5,3
1536,1,2,1,2,4,6,4,4,4,4
1537,1,4,2,4,1,3,6,5,5,6
1538,1,2,2,2,3,5,3,4,5,3
1539,3,3,4,5,5,4,2,5,6,2
1540,3,4,5,2,6,5,3,2,5,2
1541,4,5,4,3,2,4,2,4,5,2
1542,1,1,1,1,1,6,1,6,6,1
1543,1,1,1,3,1,6,2,5,6,6
1544,1,5,1,3,1,6,2,5,5,1
1545,6,6,5,2,5,4,2,4,4,5
1546,2,3,4,4,2,5,3,3,4,3
1547,5,5,2,6,4,6,1,5,6,1
1548,5,5,5,5,5,4,1,4,2,2
1549,2,4,2,3,2,4,4,5,5,2
1550,2,2,1,5,2,4,1,5,6,2
1551,5,5,5,4,3,5,1,1,1,1
1552,2,4,3,3,3,4,4,4,5,4
1553,3,3,5,4,5,4,4,5,3,3
1554,2,3,3,4,4,5,1,5,4,1
1555,1,3,2,2,5,6,2,4,5,2
1556,2,2,1,1,3,3,1,2,2,4
1557,3,5,5,3,1,5,2,6,6,1
1558,1,1,1,1,2,4,2,2,2,4
1559,2,5,4,1,2,6,3,5,4,1
1560,4,6,3,5,5,4,3,5,6,2
1561,1,3,1,4,1,6,1,6,6,1
1562,2,1,5,5,1,6,1,6,6,1
1563,4,5,5,3,3,2,2,4,5,4
1564,5,5,4,4,3,5,2,5,4,3
1565,2,2,2,5,4,5,3,4,2,3
1566,4,5,4,5,4,5,2,6,6,1
1567,2,1,1,1,1,5,2,4,5,3
1568,4,2,2,5,4,4,3,4,3,3
1569,4,5,5,3,3,2,3,3,4,2
1570,5,3,5,4,2,5,6,5,6,4
1571,2,2,1,1,1,6,3,5,4,2
1572,2,3,3,3,1,5,4,5,4,2
1573,3,3,2,2,2,5,1,5,2,3
1574,6,6,5,4,6,5,4,5,4,6
1575,1,2,6,5,5,6,1,6,6,1
1576,5,6,6,4,4,6,3,5,6,2
1577,5,6,5,4,4,5,1,6,6,1
1578,3,5,2,2,4,4,3,3,3,3
1579,4,5,5,3,4,5,3,5,5,1
1580,4,4,5,2,2,5,3,5,6,4
1581,3,2,3,1,3,6,1,5,5,1
1582,4,6,6,6,4,5,6,4,6,3
1583,3,3,2,5,2,6,6,5,2,2
1584,4,3,1,3,2,4,4,3,3,3
1585,1,1,2,2,1,4,1,6,2,1
1586,4,5,5,6,6,4,1,5,6,1
1587,4,2,2,1,2,5,5,4,4,2
1588,1,3,1,4,1,6,3,4,6,1
1589,6,6,6,5,5,4,5,4,2,2
1590,1,4,2,2,2,5,4,5,5,2
1591,2,2,2,4,2,5,2,5,4,2
1592,2,5,4,4,1,5,2,5,4,1
1593,1,1,2,2,1,6,1,6,6,1
1594,3,3,3,3,4,2,2,5,4,2
1595,4,5,4,5,5,4,2,5,5,2
1596,6,5,6,6,1,6,4,5,6,1
1597,1,4,2,2,1,4,2,5,2,2
1598,5,6,5,3,3,4,5,5,5,3
1599,1,1,1,2,1,5,2,6,2,3
1600,2,1,1,2,2,5,2,2,5,2
1601,2,3,5,5,6,6,2,5,6,1
1602,3,3,5,4,5,5,3,5,6,5
1603,5,4,4,3,6,4,5,4,5,6
1604,3,2,2,2,4,5,4,5,2,2
1605,2,1,3,2,4,3,2,2,4,3
1606,2,5,4,4,2,5,1,5,6,2
1607,3,3,4,4,4,4,3,3,4,5
1608,2,2,5,2,2,4,2,1,2,3
1609,4,4,2,1,3,6,2,4,1,1
1610,2,4,5,4,5,4,2,5,6,1
1611,2,1,2,3,2,5,1,6,6,1
1612,4,4,4,4,5,6,2,4,5,1
1613,2,2,4,4,2,4,2,4,5,6
1614,4,4,4,4,4,4,2,4,6,3
1615,1,4,1,4,1,2,4,5,3,5
1616,3,4,4,4,3,4,1,2,2,2
1617,3,4,2,2,2,6,1,4,4,2
1618,1,3,3,1,1,6,1,6,5,1
1619,2,2,1,3,1,5,1,6,4,2
1620,1,1,1,1,2,6,2,5,6,2
1621,4,5,5,5,6,3,1,6,6,1
1622,1,1,1,1,1,6,1,1,6,6
1623,5,5,4,5,6,4,1,3,6,2
1624,3,4,4,4,6,3,5,4,5,4
1625,1,3,2,2,1,5,1,4,6,1
1626,5,4,5,4,6,5,4,3,3,5
1627,5,5,4,5,4,6,1,6,6,1
1628,3,4,3,3,2,5,3,4,5,3
1629,4,4,4,4,4,4,4,4,5,3
1630,2,4,3,3,2,5,3,4,2,3
1631,4,4,4,2,3,4,1,5,5,2
1632,2,4,1,2,2,4,2,4,5,2
1633,2,4,1,2,2,4,2,4,5,2
1634,2,4,1,2,2,5,2,4,6,2
1635,2,4,2,2,2,5,2,4,6,2
1636,4,4,4,5,3,4,4,5,4,3
1637,2,3,4,2,3,5,2,4,4,2
1638,4,4,5,6,2,5,1,6,6,1
1639,4,5,2,4,1,3,2,4,6,2
1640,2,3,2,2,1,5,5,5,3,5
1641,2,4,4,2,4,5,2,5,6,2
1642,5,5,6,4,4,5,2,6,5,1
1643,1,2,1,2,3,5,2,3,5,2
1644,2,5,1,2,4,6,6,5,4,2
1645,4,1,6,6,2,5,1,4,2,5
1646,5,5,6,4,5,6,1,6,6,1
1647,4,4,4,4,2,5,1,4,5,2
1648,1,4,1,1,1,6,2,5,6,1
1649,2,5,2,3,1,6,1,5,4,1
1650,6,6,6,6,6,6,3,5,6,1
1651,1,5,4,4,3,5,2,5,6,1
1652,1,1,1,1,4,3,2,5,6,2
1653,2,3,2,3,2,3,3,4,3,2
1654,1,1,2,2,1,6,1,6,2,1
1655,6,6,5,6,5,3,4,6,6,1
1656,1,1,2,2,1,5,1,5,5,1
1657,6,6,6,6,6,2,5,4,6,5
1658,4,4,5,4,4,4,3,4,5,3
1659,2,5,6,4,2,2,3,5,2,2
1660,5,5,5,6,2,5,1,6,6,2
1661,6,6,3,1,4,3,5,6,4,4
1662,4,6,5,6,6,6,6,3,6,5
1663,4,5,3,4,4,5,5,6,2,4
1664,5,2,1,5,5,6,4,5,1,2
1665,4,4,2,3,2,6,1,5,6,1
1666,3,5,4,4,5,6,4,4,5,3
1667,1,1,1,1,1,6,5,1,5,5
1668,3,5,5,3,6,4,3,4,5,2
1669,1,1,2,3,4,5,5,5,2,5
1670,1,1,1,2,6,4,2,5,5,6
1671,1,4,3,4,2,4,4,5,3,2
1672,2,2,1,1,2,5,1,5,5,1
1673,5,4,6,4,5,5,4,4,4,3
1674,2,4,3,3,2,4,2,6,6,1
1675,5,5,6,5,6,5,1,5,6,2
1676,2,2,2,4,2,5,4,5,5,2
1677,2,4,2,5,4,5,1,5,5,5
1678,5,6,6,3,3,5,2,4,6,2
1679,4,5,5,6,1,5,3,4,6,1
1680,2,2,1,1,2,5,3,5,5,2
1681,6,6,6,6,6,6,4,5,6,1
1682,1,1,1,1,1,6,1,5,1,1
1683,1,4,6,6,6,6,5,1,6,1
1684,4,4,3,5,2,6,1,4,6,1
1685,3,3,5,5,1,6,1,6,6,1
1686,3,4,4,1,1,5,4,4,2,3
1687,4,4,4,5,5,5,3,4,5,5
1688,6,6,6,6,6,6,1,6,6,1
1689,2,2,2,3,1,5,2,5,6,2
1690,3,4,5,3,2,4,1,5,5,3
1691,1,5,6,4,6,4,2,6,6,1
1692,4,4,5,4,4,4,1,5,5,2
1693,2,3,5,6,2,5,1,5,5,2
1694,1,2,5,2,1,6,4,5,2,4
1695,1,1,2,1,1,6,4,5,2,2
1696,2,4,2,4,1,6,1,5,6,2
1697,6,6,2,3,5,5,2,5,5,3
1698,6,6,5,6,4,5,4,5,5,5
1699,3,3,3,2,2,5,5,5,6,2
1700,3,3,2,3,2,4,4,4,6,3
1701,3,4,2,3,3,5,2,4,6,2
1702,2,4,4,3,4,4,2,4,4,3
1703,1,1,2,4,3,6,1,6,6,1
1704,4,4,5,6,4,6,4,6,6,1
1705,5,4,4,4,6,6,2,6,6,1
1706,3,4,2,5,2,4,3,4,5,2
1707,1,1,4,1,5,6,5,6,6,2
1708,3,3,1,1,5,4,6,1,5,5
1709,4,3,3,2,1,6,1,5,5,2
1710,1,2,2,1,1,5,3,5,4,6
1711,5,4,4,2,6,4,5,5,4,2
1712,3,4,3,4,5,3,4,3,4,3
1713,1,5,1,1,2,6,4,5,5,2
1714,3,3,4,4,3,3,1,3,5,1
1715,2,2,3,2,1,6,4,6,4,2
1716,3,2,2,5,2,2,1,4,4,6
1717,6,5,6,4,4,5,1,5,4,5
1718,1,2,2,2,3,6,1,5,6,4
1719,1,2,2,5,1,6,2,5,5,3
1720,6,6,6,6,5,3,6,3,5,6
1721,4,4,4,4,5,6,4,4,6,1
1722,4,5,5,5,5,4,2,5,6,2
1723,3,5,4,6,3,6,1,5,6,4
1724,1,1,1,1,4,5,1,4,5,2
1725,2,2,1,1,1,5,1,6,4,1
1726,1,2,1,2,1,4,3,4,4,3
1727,3,4,4,2,4,4,3,6,6,1
1728,3,3,4,2,3,5,1,5,5,2
1729,2,2,2,2,3,3,2,2,6,3
1730,3,2,5,2,4,5,3,4,5,2
1731,1,3,1,1,1,6,2,6,5,1
1732,3,4,4,4,2,5,2,5,6,4
1733,6,6,3,6,5,5,5,4,1,3
1734,3,4,3,2,2,4,2,4,6,1
1735,1,2,3,1,1,6,1,6,4,1
1736,5,4,6,5,6,6,1,5,5,1
1737,1,1,1,1,1,6,1,6,6,1
1738,1,1,4,1,1,6,6,4,6,5
1739,5,6,2,2,1,5,1,5,4,2
1740,2,2,1,1,2,6,1,6,4,1
1741,5,6,5,2,4,6,1,4,6,1
1742,4,4,3,2,3,6,2,5,5,2
1743,3,4,2,4,5,6,3,5,6,3
1744,6,6,6,4,5,4,1,1,6,1
1745,4,4,4,3,2,5,4,4,5,2
1746,4,4,6,1,6,6,4,5,5,4
1747,1,1,1,1,1,6,5,5,5,1
1748,2,3,4,3,4,3,4,4,6,1
1749,3,4,3,2,4,5,2,5,5,2
1750,6,6,6,6,3,6,6,6,6,1
1751,2,3,1,4,3,4,4,5,5,2
1752,1,3,4,5,1,5,1,5,5,2
1753,2,5,2,2,1,6,1,6,5,1
1754,2,2,1,2,2,6,3,5,4,3
1755,1,2,1,2,2,4,1,5,5,3
1756,3,4,4,6,3,6,1,5,5,2
1757,5,6,6,4,6,5,2,5,4,4
1758,1,2,1,1,2,4,2,4,5,2
1759,2,3,3,5,4,6,1,6,6,1
1760,3,4,5,6,3,5,5,5,6,4
1761,6,6,4,6,5,5,5,2,6,3
1762,3,3,3,4,4,3,2,3,2,3
1763,4,4,4,2,5,5,2,5,6,2
1764,2,3,2,2,1,6,2,6,5,5
1765,5,4,6,4,3,5,2,4,5,2
1766,3,5,4,5,4,4,2,4,6,3
1767,1,1,2,2,2,5,2,6,5,2
1768,1,1,2,1,1,6,4,4,5,2
1769,1,5,4,2,2,6,1,5,5,1
1770,2,5,5,3,5,5,2,6,5,1
1771,1,1,4,4,1,6,1,6,6,1
1772,3,3,3,3,5,5,2,4,5,2
1773,2,2,1,1,3,5,4,5,5,3
1774,2,5,5,5,1,6,4,5,5,1
1775,3,5,5,3,5,5,4,4,5,2
1776,1,2,4,2,3,4,2,4,5,2
1777,2,3,2,2,4,4,3,4,6,3
1778,1,3,2,1,2,5,1,5,4,2
1779,2,2,3,3,3,3,2,5,4,3
1780,6,6,5,5,4,6,4,4,5,3
1781,3,5,2,2,3,5,1,5,2,2
1782,6,5,4,3,3,5,4,5,6,3
1783,3,1,3,4,3,4,3,3,3,5
1784,1,2,2,2,1,6,2,5,4,2
1785,3,4,4,4,3,4,3,3,5,2
1786,4,2,4,5,4,4,2,5,6,2
1787,4,5,2,4,5,5,4,6,5,1
1788,5,5,5,6,1,5,1,4,5,1
1789,1,4,6,1,1,6,1,6,6,1
1790,4,4,4,4,4,6,1,4,6,3
1791,1,4,1,2,2,5,5,2,6,4
1792,2,4,2,4,1,5,2,5,4,3
1793,6,6,6,4,6,6,6,3,4,4
1794,4,4,6,6,2,6,1,5,6,1
1795,4,4,4,4,2,5,4,5,3,1
1796,2,5,3,3,2,5,5,4,6,4
1797,2,5,3,3,2,5,5,4,6,4
1798,2,4,2,4,3,3,4,4,5,3
1799,3,2,3,2,5,6,2,4,3,3
1800,2,2,1,1,5,5,1,5,2,1
1801,1,2,3,1,2,6,6,4,6,2
1802,2,6,2,1,2,5,1,6,6,1
1803,2,6,2,6,1,6,1,6,6,1
1804,5,2,1,1,1,6,1,3,1,2
1805,6,6,6,6,6,4,1,6,6,1
1806,2,3,4,2,1,6,6,6,6,5
1807,1,1,5,3,2,5,1,3,5,1
1808,1,1,3,2,2,6,4,5,5,2
1809,5,3,3,3,2,4,3,5,5,3
1810,6,6,4,2,5,6,6,5,4,3
1811,4,1,5,4,1,6,1,6,5,1
1812,5,5,4,3,1,5,3,5,2,2
1813,4,4,6,3,1,5,5,4,4,3
1814,6,6,6,6,6,6,5,6,6,6
1815,5,5,3,4,4,4,3,5,4,2
1816,3,3,2,3,3,4,3,4,4,3
1817,6,1,1,1,1,6,1,1,1,6
1818,4,5,2,5,3,5,1,5,6,1
1819,3,4,4,2,5,4,2,5,4,1
1820,2,3,3,4,2,5,1,5,4,2
1821,4,2,3,4,4,5,5,4,5,2
1822,4,4,5,4,1,5,4,3,4,3
1823,5,2,6,6,6,4,4,5,5,3
1824,5,5,5,5,3,6,4,6,6,1
1825,5,5,5,4,5,3,6,3,4,4
1826,4,1,2,2,5,5,2,4,2,2
1827,6,6,6,6,6,2,2,2,6,3
1828,3,4,5,5,5,5,2,5,5,3
1829,5,2,2,4,4,5,1,2,5,4
1830,3,2,2,1,1,5,2,3,5,2
1831,3,3,3,2,3,5,2,4,3,3
1832,1,2,4,4,4,6,1,5,6,2
1833,1,3,1,1,1,4,2,4,5,3
1834,3,4,4,4,2,4,4,4,5,3
1835,3,5,4,5,5,3,1,6,5,2
1836,1,1,1,1,1,4,2,4,5,2
1837,2,2,2,1,2,6,1,6,6,5
1838,4,4,5,3,5,5,4,4,6,5
1839,3,3,3,3,2,5,3,5,5,2
1840,2,4,2,1,1,5,1,5,5,5
1841,1,1,1,1,1,6,2,4,4,2
1842,6,6,5,1,1,6,1,6,5,3
1843,5,4,5,5,2,1,4,4,6,5
1844,1,1,4,5,6,5,2,4,6,2
1845,6,5,4,4,2,6,4,5,5,2
1846,2,5,3,5,4,5,2,4,6,2
1847,3,4,1,1,1,4,2,4,5,2
1848,2,4,2,1,1,3,4,4,5,2
1849,6,6,6,6,6,6,6,4,6,1
1850,4,3,2,3,1,6,1,4,6,4
1851,4,4,4,1,1,3,5,5,3,2
1852,4,4,2,2,1,6,2,5,5,4
1853,2,6,2,2,4,5,4,5,5,4
1854,3,5,2,2,3,6,6,4,6,2
1855,2,3,4,3,2,4,5,4,3,3
1856,5,5,2,4,2,4,4,6,6,3
1857,1,2,2,2,2,4,3,5,2,4
1858,6,6,6,1,1,6,1,6,6,1
1859,2,4,3,4,5,6,5,5,6,1
1860,4,4,3,5,4,4,5,5,6,1
1861,1,1,1,1,1,5,2,4,6,2
1862,3,4,1,3,2,3,1,5,5,2
1863,4,4,2,3,1,4,6,3,3,6
1864,5,4,3,3,4,6,2,5,6,5
1865,3,2,2,4,6,5,5,1,6,3
1866,5,5,2,2,2,4,1,5,5,2
1867,2,4,1,2,2,1,3,1,5,2
1868,2,4,2,2,1,6,1,5,5,2
1869,3,3,3,3,3,3,6,4,4,3
1870,6,6,6,5,6,6,6,4,6,4
1871,4,4,4,5,6,4,4,6,5,3
1872,5,6,4,4,3,4,6,3,5,4
1873,4,3,2,2,2,5,4,4,6,4
1874,2,4,2,2,1,4,1,3,4,2
1875,2,4,3,5,5,4,6,4,4,3
1876,2,4,2,3,3,5,2,3,2,3
1877,5,5,6,5,6,5,2,3,5,4
1878,4,5,2,2,4,5,2,4,5,2
1879,2,4,4,4,2,4,4,4,6,3
1880,4,1,2,2,2,4,3,3,2,2
1881,1,1,1,1,1,5,1,6,1,1
1882,1,4,2,1,1,5,3,4,5,2
1883,4,5,5,5,6,6,1,5,4,2
1884,6,6,6,5,6,3,4,4,5,1
1885,5,5,5,4,2,6,1,6,5,1
1886,1,1,1,1,4,6,2,4,4,2
1887,5,5,6,5,4,3,2,2,6,3
1888,4,4,4,3,2,4,4,6,5,2
1889,3,4,1,2,1,5,2,4,5,2
1890,1,3,2,2,3,6,3,6,5,3
1891,4,4,4,4,4,4,1,4,3,3
1892,2,1,1,1,2,5,4,4,5,2
1893,2,2,3,4,4,5,6,5,6,1
1894,5,5,3,3,1,5,5,5,5,1
1895,2,2,2,1,2,5,2,5,2,1
1896,3,2,4,4,4,3,1,5,4,4
1897,5,4,3,2,5,6,3,5,5,2
1898,1,2,1,1,1,6,2,5,6,2
1899,6,5,6,6,5,6,1,6,6,2
1900,4,5,3,3,4,6,3,3,4,3
1901,6,6,6,6,6,6,6,6,5,5
1902,6,6,6,6,6,6,1,5,6,1
1903,1,1,1,1,4,6,1,6,1,2
1904,4,3,3,2,4,4,3,4,3,3
1905,3,4,4,3,4,4,4,4,4,3
1906,1,3,3,4,1,3,3,3,4,4
1907,1,1,1,4,1,6,5,5,5,1
1908,3,4,4,3,3,5,4,4,4,4
1909,2,5,3,1,6,6,1,3,4,2
1910,4,4,4,4,3,6,4,4,4,3
1911,3,4,2,4,2,4,2,4,5,3
1912,5,6,6,1,5,5,2,4,5,2
1913,2,1,4,6,4,6,4,6,6,3
1914,1,4,1,5,3,6,4,5,6,3
1915,1,1,1,2,1,6,1,6,6,1
1916,4,4,2,1,1,6,1,6,1,1
1917,3,3,1,2,5,5,1,3,5,2
1918,1,1,1,1,2,6,1,5,4,2
1919,1,1,1,4,2,4,5,2,5,2
1920,2,2,4,1,4,1,5,5,6,5
1921,3,3,2,3,3,4,4,5,5,3
1922,2,2,2,1,3,5,3,5,5,1
1923,1,1,1,1,1,1,1,1,1,1
1924,3,4,4,3,4,4,2,6,6,2
1925,4,5,4,2,5,2,4,3,6,3
1926,3,4,3,5,2,4,4,1,5,2
1927,4,4,5,4,2,5,4,4,5,2
1928,5,5,6,5,2,6,1,1,6,6
1929,2,2,3,5,1,6,3,5,3,5
1930,4,5,4,3,3,5,4,6,6,1
1931,2,4,1,1,2,4,2,4,4,3
1932,2,2,4,2,2,5,3,4,4,2
1933,2,2,1,2,1,3,5,2,4,3
1934,1,3,3,3,6,3,5,5,2,5
1935,2,5,5,4,4,4,2,4,6,2
1936,2,2,2,2,2,5,2,5,4,2
1937,1,1,2,2,1,6,2,5,5,2
1938,1,2,3,1,1,5,2,6,4,2
1939,4,5,4,4,2,6,2,5,5,3
1940,1,2,1,1,1,6,1,5,6,1
1941,5,4,4,4,3,6,2,3,5,4
1942,4,5,5,3,1,4,5,5,5,5
1943,3,4,5,6,4,6,3,4,6,3
1944,5,4,4,4,4,5,4,3,4,4
1945,5,5,5,3,3,4,6,4,4,4
1946,6,4,3,4,1,6,1,6,5,1
1947,2,2,2,2,1,4,2,5,5,2
1948,2,4,2,1,4,3,4,4,5,2
1949,2,4,3,1,2,5,1,6,4,2
1950,4,6,4,1,1,6,1,6,6,1
1951,3,3,3,4,4,3,1,3,3,4
1952,2,3,2,4,4,6,2,4,6,1
1953,3,4,2,4,1,3,2,4,5,3
1954,5,6,4,2,5,6,4,5,5,1
1955,1,1,1,4,6,6,1,6,6,3
1956,4,3,5,4,4,6,3,4,6,4
1957,1,1,1,2,4,6,4,5,5,5
1958,5,4,6,2,4,5,4,6,6,2
1959,5,5,4,2,3,3,5,5,3,4
1960,1,3,2,2,2,3,1,4,6,3
1961,6,5,5,5,6,6,2,5,6,2
1962,3,2,4,4,5,4,2,3,5,2
1963,3,3,3,4,2,4,3,3,5,4
1964,1,1,5,5,4,3,6,5,6,1
1965,5,2,6,6,2,5,1,4,5,2
1966,3,5,4,6,6,3,3,2,5,2
1967,1,3,2,5,4,5,3,6,6,3
1968,1,1,1,5,1,6,1,5,6,1
1969,4,4,6,5,5,5,1,5,5,2
1970,6,6,6,6,6,5,1,6,5,3
1971,4,4,5,4,5,4,3,4,5,5
1972,4,4,5,2,6,6,1,3,5,2
1973,4,5,6,4,4,6,1,5,6,2
1974,1,2,2,3,1,5,2,6,6,2
1975,2,2,4,1,4,6,1,6,6,2
1976,3,2,1,3,2,5,4,4,5,2
1977,5,4,5,5,5,6,6,6,6,1
1978,1,1,1,2,1,6,1,6,6,1
1979,5,6,5,4,4,4,1,6,6,1
1980,2,3,3,2,5,4,2,4,5,2
1981,5,6,5,5,5,6,2,6,6,1
1982,2,6,5,6,5,6,1,6,6,2
1983,2,3,1,2,2,5,1,6,5,2
1984,4,6,4,5,1,5,1,6,6,1
1985,1,1,1,6,1,6,1,6,2,5
1986,2,2,2,2,1,6,2,4,4,2
1987,3,4,4,6,5,2,3,4,4,3
1988,1,1,1,5,1,6,2,1,4,1
1989,4,4,2,2,2,6,1,6,2,2
1990,4,4,2,2,2,6,2,4,6,2
1991,3,4,3,3,4,4,3,4,4,4
1992,5,6,6,4,6,4,4,5,5,2
1993,1,2,1,3,2,6,2,6,4,4
1994,3,4,5,3,4,4,6,3,5,4
1995,4,5,4,2,5,5,3,4,6,3
1996,2,3,2,2,5,5,5,5,6,2
1997,1,2,2,2,1,4,3,4,3,2
1998,2,2,4,4,2,6,3,6,4,3
1999,4,3,2,2,1,6,2,5,6,2
2000,4,6,2,2,2,6,2,5,6,2
2001,4,4,5,5,3,3,3,3,5,4
2002,2,2,5,4,4,5,4,4,5,5
2003,1,5,2,1,1,4,5,4,4,4
2004,1,2,2,2,2,5,2,4,5,3
2005,3,3,4,3,5,4,2,3,5,2
2006,2,4,2,4,3,6,1,6,6,1
2007,2,4,4,2,2,4,3,4,4,2
2008,5,5,5,4,3,5,5,5,6,4
2009,1,1,1,2,1,5,6,4,1,2
2010,3,2,2,2,5,5,2,3,3,1
2011,1,1,1,3,2,6,4,4,6,2
2012,1,2,4,2,5,5,3,5,5,5
2013,1,4,3,4,4,5,5,4,5,2
2014,1,2,4,3,2,5,2,5,6,1
2015,3,3,4,4,1,6,1,4,5,1
2016,4,4,5,5,6,6,1,5,6,2
2017,2,4,2,4,2,5,1,4,6,1
2018,2,5,2,5,4,4,5,5,6,1
2019,2,2,4,6,1,3,3,5,6,2
2020,2,4,4,2,5,4,4,4,6,2
2021,2,2,1,3,1,6,2,4,6,4
2022,2,3,3,2,2,4,3,4,4,4
2023,3,4,4,3,3,6,2,5,6,1
2024,5,6,5,3,1,4,4,2,5,4
2025,2,2,2,2,3,4,5,4,4,3
2026,6,6,1,1,1,6,6,4,4,4
2027,1,4,1,2,1,5,5,4,6,1
2028,1,3,1,1,2,5,3,5,5,5
2029,1,2,1,2,4,3,4,2,6,4
2030,1,3,5,4,4,5,1,5,6,1
2031,2,2,3,2,5,3,2,5,4,2
2032,5,4,2,6,5,6,1,5,6,2
2033,3,4,5,5,2,6,1,4,5,4
2034,4,5,4,4,3,5,1,5,5,1
2035,1,1,1,1,1,6,1,6,6,1
2036,1,2,1,2,1,4,6,3,4,4
2037,4,6,5,6,6,4,6,2,6,1
2038,1,2,4,5,1,5,5,5,6,4
2039,2,1,4,1,1,6,1,5,5,3
2040,2,2,1,2,2,4,4,5,4,2
2041,6,5,5,3,1,5,6,4,6,4
2042,1,1,1,1,3,4,3,4,5,2
2043,3,4,4,4,4,3,1,4,5,3
2044,2,2,2,3,1,6,2,5,5,3
2045,3,5,4,4,4,3,5,3,6,4
2046,5,5,5,4,2,6,2,5,4,1
2047,2,3,4,4,2,4,1,4,5,3
2048,2,2,2,1,4,4,4,4,3,3
2049,2,3,4,5,2,3,3,5,5,2
2050,2,5,4,2,4,5,2,5,5,2
2051,3,4,4,3,4,5,2,6,5,2
2052,1,1,1,5,1,4,1,5,5,2
2053,1,2,1,1,2,4,1,4,6,1
2054,4,4,2,3,2,4,4,5,6,2
2055,4,4,4,4,4,5,3,5,5,2
2056,4,4,3,2,5,5,4,6,4,2
2057,2,3,5,5,4,5,2,6,5,1
2058,2,4,4,5,2,4,4,3,6,1
2059,2,3,4,5,3,4,2,4,5,2
2060,3,3,1,1,2,5,3,5,4,2
2061,1,6,1,1,6,5,2,6,5,2
2062,5,6,6,4,6,4,4,2,5,2
2063,6,6,5,6,6,6,1,6,6,2
2064,4,4,3,4,2,5,5,4,4,5
2065,1,1,1,1,1,6,1,6,6,1
2066,1,2,1,2,1,4,2,5,6,2
2067,1,2,3,2,1,6,2,5,5,2
2068,3,4,1,2,3,6,2,5,6,2
2069,3,3,1,3,2,5,4,3,6,2
2070,3,4,1,3,4,4,2,3,5,2
2071,1,3,2,2,3,4,1,3,4,4
2072,1,2,2,2,2,5,4,5,6,3
2073,5,5,3,6,5,5,1,6,6,1
2074,2,5,1,2,1,6,1,6,5,2
2075,1,2,5,2,2,5,3,5,6,2
2076,2,2,1,1,2,5,3,4,5,3
2077,2,1,1,2,1,4,1,4,5,3
2078,3,5,5,4,6,4,4,3,6,5
2079,2,3,5,4,2,4,4,4,3,3
2080,3,4,4,4,3,6,1,6,6,1
2081,2,2,2,5,1,6,2,6,6,1
2082,2,2,2,2,3,4,3,4,4,3
2083,6,1,5,4,3,6,2,4,5,2
2084,1,3,3,3,4,6,1,6,6,1
2085,5,5,5,5,5,5,3,3,5,3
2086,2,3,2,1,2,6,2,5,5,1
2087,3,5,5,4,4,6,1,6,5,2
2088,1,1,1,2,6,5,4,4,1,6
2089,2,4,4,2,2,4,2,2,6,1
2090,3,4,3,1,3,6,2,6,5,2
2091,1,1,1,1,1,6,1,6,6,1
2092,1,2,2,2,1,4,2,5,4,2
2093,1,2,2,2,1,4,2,5,4,2
2094,1,2,2,2,1,4,2,5,4,2
2095,1,2,2,2,1,4,2,5,4,2
2096,3,3,5,6,2,6,3,6,6,1
2097,5,4,1,4,2,6,4,5,5,2
2098,1,2,2,1,1,6,1,5,6,3
2099,4,4,3,2,1,6,1,6,4,1
2100,3,4,4,2,2,5,3,4,4,3
2101,1,5,1,6,5,6,3,5,6,2
2102,5,4,1,4,5,4,1,4,6,1
2103,4,4,4,4,3,4,2,5,5,2
2104,4,4,4,3,4,5,5,6,4,2
2105,1,3,4,5,3,5,2,4,5,1
2106,5,5,5,5,4,5,3,5,6,2
2107,3,4,3,3,3,6,1,5,6,1
2108,2,2,1,1,2,6,1,6,5,2
2109,2,2,2,1,2,6,3,6,5,4
2110,3,4,2,1,1,6,1,6,2,2
2111,4,5,5,5,2,5,3,5,5,1
2112,2,3,2,4,5,6,2,5,6,2
2113,4,4,4,3,4,4,4,5,4,2
2114,3,4,5,3,2,3,4,3,4,4
2115,2,2,5,2,3,5,3,4,5,2
2116,2,4,5,3,1,4,4,5,6,4
2117,3,3,2,4,2,5,2,4,6,3
2118,1,4,4,1,2,5,1,5,6,1
2119,2,2,2,2,2,4,4,4,4,3
2120,5,4,5,3,2,4,3,4,5,2
2121,2,2,1,4,3,4,2,4,4,3
2122,2,2,4,1,1,4,3,3,2,2
2123,1,1,1,2,1,5,5,2,2,1
2124,1,3,3,3,5,4,3,4,5,1
2125,1,1,1,1,3,3,4,4,4,2
2126,2,4,2,1,2,5,5,3,4,3
2127,5,5,3,2,4,6,3,5,2,3
2128,2,2,2,2,2,6,2,4,5,2
2129,1,1,1,1,1,4,1,3,5,3
2130,3,5,2,2,2,4,2,4,5,2
2131,1,3,3,2,2,4,2,4,6,1
2132,4,5,3,6,4,6,4,4,4,3
2133,1,2,1,3,2,5,2,6,3,1
2134,1,2,3,6,2,2,3,3,5,5
2135,5,4,4,4,5,5,6,4,6,3
2136,3,4,2,6,5,6,6,6,6,3
2137,4,5,6,2,4,5,1,5,6,1
2138,1,2,1,2,2,4,5,4,5,4
2139,1,1,1,1,1,6,4,5,5,2
2140,1,1,1,1,1,5,1,6,3,3
2141,2,2,1,2,4,3,2,5,6,1
2142,1,5,5,2,1,4,3,2,2,4
2143,3,2,4,3,4,4,6,2,4,4
2144,2,2,2,3,4,3,2,4,4,2
2145,4,5,3,4,6,4,4,4,5,3
2146,2,3,3,2,4,5,3,4,5,1
2147,1,2,2,2,5,2,5,2,5,2
2148,3,2,3,4,2,3,5,3,4,3
2149,2,2,2,3,4,4,4,4,4,4
2150,3,5,2,2,4,6,2,3,6,1
2151,4,5,2,4,4,4,1,1,6,1
2152,2,3,3,1,2,6,2,4,5,2
2153,2,1,1,1,6,4,1,5,5,4
2154,6,5,6,6,6,5,6,4,6,5
2155,3,4,2,2,1,5,2,4,6,2
2156,2,2,1,1,1,3,5,3,5,4
2157,1,1,1,1,1,6,1,5,2,1
2158,1,4,4,4,3,5,3,6,6,1
2159,2,5,1,1,1,6,2,6,5,3
2160,1,4,1,1,2,5,3,5,5,3
2161,1,2,3,4,1,4,2,4,5,2
2162,4,5,5,6,5,5,2,4,6,1
2163,4,2,2,3,1,5,6,2,6,1
2164,3,3,5,2,3,5,4,5,5,3
2165,4,5,5,4,5,2,4,3,6,4
2166,2,2,2,1,4,3,4,4,4,2
2167,2,2,1,2,2,3,3,4,3,4
2168,2,4,3,1,4,6,1,6,6,1
2169,2,4,1,1,3,5,4,4,2,3
2170,3,3,4,4,4,5,3,5,4,3
2171,2,2,3,3,6,5,3,5,6,1
2172,4,4,2,2,2,5,5,5,4,4
2173,3,2,3,2,5,6,2,6,6,2
2174,1,1,1,1,2,4,4,4,6,6
2175,4,4,5,5,4,5,3,4,6,3
2176,1,1,1,1,3,5,5,5,5,1
2177,1,4,2,5,3,6,1,5,6,3
2178,2,4,2,4,3,4,3,4,5,3
2179,2,3,2,6,6,6,2,3,6,3
2180,2,2,6,3,1,6,1,4,3,4
2181,1,1,1,1,1,6,1,1,6,1
2182,2,3,2,3,2,4,3,4,4,4
2183,6,6,5,4,1,6,1,6,6,1
2184,5,5,6,4,2,5,2,5,5,2
2185,5,6,4,6,6,5,1,6,2,4
2186,4,4,3,6,5,6,1,6,6,1
2187,4,6,4,4,4,6,6,6,3,4
2188,1,2,2,1,1,6,1,6,5,1
2189,3,5,3,3,4,4,5,4,5,3
2190,1,1,1,1,2,5,1,4,5,1
2191,5,5,4,5,5,4,4,4,6,4
2192,6,6,6,1,4,6,1,6,3,1
2193,5,5,5,6,6,5,4,4,5,2
2194,5,5,4,5,4,5,2,5,5,1
2195,5,6,6,5,6,5,5,4,6,2
2196,2,4,2,3,5,2,4,4,4,5
2197,2,3,4,5,4,5,4,4,4,3
2198,3,4,5,4,4,4,3,4,5,2
2199,2,5,2,2,3,5,1,5,6,2
2200,1,2,2,2,4,5,3,5,6,3
2201,2,4,4,5,3,5,3,4,4,3
2202,2,2,5,4,3,6,2,4,6,2
2203,3,4,5,2,3,6,5,6,6,1
2204,2,2,2,2,2,6,1,5,6,1
2205,2,3,4,2,3,5,3,4,5,3
2206,2,4,4,4,4,4,2,5,5,2
2207,5,6,4,5,4,4,2,5,5,2
2208,4,4,5,6,1,5,1,4,5,1
2209,2,3,2,3,1,6,1,5,3,3
2210,2,4,2,4,4,6,1,5,6,1
2211,5,4,2,1,1,5,2,5,5,1
2212,5,6,4,5,6,5,2,5,5,2
2213,6,6,6,6,6,6,4,2,6,1
2214,4,5,4,2,4,4,1,3,3,2
2215,2,2,4,3,2,6,2,4,5,4
2216,2,2,3,2,1,5,5,4,5,2
2217,2,4,2,5,5,3,4,3,4,3
2218,2,2,2,2,1,6,1,5,6,2
2219,6,6,4,5,5,4,5,4,5,5
2220,3,4,3,4,3,5,2,4,4,2
2221,1,2,1,2,2,6,2,5,5,1
2222,2,3,1,1,1,5,2,6,5,1
2223,4,4,5,3,2,6,3,4,5,1
2224,3,4,3,3,4,4,4,4,6,4
2225,4,5,1,2,6,4,2,3,4,4
2226,1,1,2,2,2,6,4,4,6,2
2227,3,3,3,4,1,6,3,6,6,4
2228,1,1,1,1,1,6,2,5,6,1
2229,3,3,4,4,2,4,2,4,5,4
2230,2,2,2,4,6,2,5,2,2,5
2231,2,2,2,2,2,5,1,4,6,2
2232,4,4,4,4,2,5,4,5,2,4
2233,4,5,5,3,4,4,4,5,6,2
2234,2,2,1,5,2,4,2,4,5,3
2235,2,2,2,1,4,6,1,6,6,1
2236,2,4,3,2,5,5,4,4,4,3
2237,5,4,5,3,1,6,1,4,5,1
2238,4,3,2,3,4,4,5,2,5,2
2239,3,5,2,5,6,6,6,5,5,2
2240,5,5,3,2,4,5,2,3,5,2
2241,4,4,4,4,4,6,1,4,4,5
2242,4,4,5,2,3,4,2,4,5,3
2243,2,4,4,3,3,4,2,5,4,2
2244,4,4,3,3,4,4,4,3,4,4
2245,4,4,2,2,4,6,5,4,6,2
2246,4,5,2,2,6,6,3,5,4,6
2247,1,1,2,2,2,4,2,3,4,1
2248,5,6,6,6,6,6,1,5,6,1
2249,2,5,5,4,4,5,4,4,5,5
2250,2,2,3,1,2,6,4,6,5,2
2251,3,4,6,4,3,5,4,3,6,4
2252,3,4,4,3,3,6,2,5,5,2
2253,2,2,2,4,6,2,5,4,6,3
2254,4,5,5,5,5,6,1,5,6,1
2255,1,4,2,2,1,2,4,4,4,4
2256,2,4,4,6,5,4,6,4,5,6
2257,4,5,6,4,5,6,3,4,6,1
2258,4,4,2,2,2,5,1,6,6,3
2259,1,3,3,5,6,4,5,3,6,3
2260,2,3,2,3,5,3,3,5,6,1
2261,5,5,5,4,2,6,1,6,6,1
2262,3,3,4,4,4,5,4,2,5,2
2263,2,5,1,4,1,6,1,6,6,1
2264,1,4,2,1,4,4,6,5,4,1
2265,3,5,5,4,4,6,1,6,5,2
2266,1,3,2,4,1,4,2,3,5,2
2267,2,2,2,1,1,6,2,5,5,1
2268,2,2,3,6,2,6,1,6,4,1
2269,4,5,4,2,2,6,2,5,5,3
2270,1,1,1,4,3,6,1,6,3,2
2271,3,4,6,6,3,4,2,5,6,1
2272,5,4,1,1,5,6,6,5,6,1
2273,6,6,6,5,1,6,1,6,6,1
2274,3,4,5,4,2,6,1,5,5,1
2275,2,1,1,4,3,5,4,4,5,3
2276,2,2,4,2,3,4,2,5,5,4
2277,1,5,3,5,2,5,3,4,4,4
2278,4,5,5,5,4,5,2,5,6,2
2279,1,3,3,2,2,5,3,2,5,4
2280,1,4,4,2,5,4,3,4,3,2
2281,1,2,6,3,4,6,6,4,5,6
2282,2,4,1,1,1,2,4,2,5,4
2283,5,2,6,4,2,5,5,4,4,2
2284,2,2,5,4,4,6,1,4,5,3
2285,5,5,6,6,2,4,5,3,4,4
2286,5,5,2,2,1,6,1,5,6,1
2287,1,1,1,4,1,5,2,5,5,2
2288,3,4,3,5,2,3,2,5,3,2
2289,1,1,1,1,1,6,1,6,6,2
2290,1,1,1,5,1,4,2,4,4,1
2291,5,6,6,6,6,6,2,4,6,2
2292,4,5,5,4,4,4,2,5,5,2
2293,1,2,1,2,1,5,5,4,4,2
2294,2,2,1,1,1,5,4,5,5,1
2295,4,5,5,3,1,5,1,5,6,2
2296,4,5,4,1,2,6,1,6,6,2
2297,1,1,1,2,4,5,1,4,6,5
2298,1,2,4,4,6,5,1,4,5,2
2299,2,2,1,2,2,2,5,5,5,1
2300,1,6,2,2,3,4,5,5,6,1
2301,1,1,1,2,2,4,5,2,5,5
2302,2,2,3,2,1,6,2,3,6,5
2303,1,1,1,2,2,5,3,4,3,3
2304,2,4,2,2,3,5,5,6,6,3
2305,1,1,1,1,3,4,4,4,5,3
2306,1,2,1,2,1,5,1,5,4,1
2307,2,4,2,3,1,6,1,5,5,1
2308,3,5,4,3,3,4,5,3,4,3
2309,5,6,5,4,2,6,3,5,5,2
2310,2,3,5,2,3,5,4,4,5,3
2311,2,2,2,4,3,4,5,2,5,5
2312,4,4,5,3,4,2,5,1,4,5
2313,2,2,6,4,2,6,1,6,6,1
2314,4,5,6,3,4,5,2,5,6,2
2315,2,4,1,2,1,6,4,4,6,4
2316,4,4,3,2,1,5,2,6,2,2
2317,3,3,5,5,2,6,2,4,5,5
2318,4,3,3,2,4,6,6,5,6,2
2319,4,4,2,2,2,4,1,3,3,2
2320,3,4,4,2,5,6,4,5,5,1
2321,2,4,3,3,3,4,1,4,5,2
2322,2,2,4,3,2,4,3,4,5,3
2323,2,4,5,5,3,5,3,4,5,2
2324,5,4,5,5,6,6,3,5,6,1
2325,2,3,2,5,2,6,3,4,6,3
2326,4,4,4,6,5,6,5,5,6,2
2327,1,1,1,2,2,4,4,4,5,5
2328,3,4,4,4,4,5,4,4,6,4
2329,3,2,3,3,1,5,2,6,6,5
2330,3,3,3,2,4,5,3,6,5,2
2331,2,4,4,5,3,4,1,5,6,1
2332,2,2,1,3,4,6,2,5,5,2
2333,6,6,5,6,5,5,2,5,2,4
2334,6,6,4,4,1,6,1,6,6,1
2335,1,2,3,6,2,5,1,6,6,3
2336,1,1,1,1,1,5,3,6,3,2
2337,6,6,6,5,6,5,1,6,6,6
2338,2,2,2,2,1,5,1,6,6,1
2339,4,4,4,5,4,4,2,4,6,2
2340,4,5,6,4,5,5,3,4,5,2
2341,5,5,5,6,5,2,5,3,6,4
2342,6,5,5,6,1,5,6,2,6,4
2343,5,5,5,4,5,6,4,4,4,4
2344,4,4,3,4,5,4,6,3,5,4
2345,4,4,4,4,5,4,4,4,4,4
2346,1,3,1,2,1,4,2,4,4,2
2347,1,2,2,4,3,2,4,4,4,4
2348,1,2,4,5,2,6,1,5,6,1
2349,6,6,6,6,5,6,1,5,6,1
2350,4,5,2,4,4,2,2,3,5,2
2351,2,2,2,2,2,6,2,5,6,2
2352,4,4,4,4,3,4,3,2,4,4
2353,4,5,4,3,5,6,4,5,6,3
2354,2,2,1,1,1,4,2,4,6,2
2355,1,1,4,4,2,5,2,5,6,2
2356,2,4,2,1,3,1,2,1,4,2
2357,2,4,2,2,1,6,2,6,6,1
2358,6,6,2,2,2,6,1,4,6,2
2359,1,3,1,4,4,6,2,6,6,1
2360,5,3,3,3,4,4,4,4,3,4
2361,3,4,4,4,5,3,5,4,4,5
2362,3,3,3,3,2,6,1,6,6,1
2363,4,5,2,3,1,6,1,6,6,1
2364,5,4,6,4,4,5,3,5,6,5
2365,2,3,3,4,3,4,3,4,5,2
2366,4,4,2,3,5,4,5,3,5,5
2367,1,1,1,2,2,5,1,5,4,2
2368,5,5,5,4,5,4,3,6,5,3
2369,4,3,4,1,2,5,2,4,5,3
2370,2,2,2,2,4,6,1,6,5,1
2371,1,1,1,1,1,4,2,4,3,5
2372,1,2,1,3,1,5,4,5,5,2
2373,3,2,3,5,3,4,2,3,4,2
2374,3,1,4,6,6,2,4,2,5,2
2375,3,4,2,4,2,5,2,6,6,2
2376,5,5,6,6,5,5,1,5,6,1
2377,5,5,4,4,5,6,1,5,6,2
2378,3,2,1,5,2,2,5,5,4,2
2379,2,4,4,1,1,5,2,4,3,1
2380,5,5,6,5,6,3,2,4,6,4
2381,2,2,2,6,3,4,1,4,6,1
2382,4,4,5,5,4,5,4,5,5,3
2383,1,1,1,1,1,5,5,4,5,4
2384,2,2,2,1,1,4,3,5,6,4
2385,1,4,5,6,6,5,2,4,6,2
2386,1,1,1,1,1,6,1,6,6,1
2387,1,2,4,3,4,5,1,4,5,2
2388,3,4,5,4,5,5,4,5,4,3
2389,3,5,2,1,1,5,1,5,4,2
2390,5,1,2,2,1,5,1,6,6,1
2391,3,3,5,2,5,5,3,4,5,4
2392,5,6,4,2,2,6,3,5,3,5
2393,4,3,4,4,4,5,4,5,5,2
2394,5,5,4,4,4,6,4,4,5,5
2395,3,3,4,4,4,5,2,5,5,1
2396,3,3,4,4,4,4,1,4,5,3
2397,5,5,6,4,5,4,4,4,4,4
2398,3,4,3,5,4,5,4,5,3,4
2399,1,4,3,6,1,6,1,2,6,1
2400,3,4,1,1,1,6,4,6,5,1
2401,2,2,3,4,3,6,2,4,5,2
2402,3,4,5,2,5,5,3,5,5,2
2403,1,2,1,2,6,4,1,5,6,2
2404,1,2,1,5,4,5,1,4,6,4
2405,2,4,2,2,2,5,2,3,5,1
2406,1,2,1,1,1,5,1,4,4,5
2407,2,5,4,2,2,6,1,5,6,1
2408,2,4,6,4,6,3,5,2,6,1
2409,2,2,2,5,4,5,5,5,2,4
2410,1,4,2,1,1,5,3,5,3,4
2411,4,5,4,5,1,5,3,6,6,1
2412,1,2,2,5,2,2,5,2,3,2
2413,4,4,3,2,4,4,5,4,5,4
2414,6,6,6,6,6,6,1,6,6,1
2415,2,2,1,1,2,5,2,5,2,2
2416,2,2,3,3,3,6,1,6,5,1
2417,1,1,1,1,2,5,1,5,4,2
2418,2,4,5,5,1,6,1,5,4,1
2419,6,4,5,3,6,4,5,5,5,5
2420,4,4,4,2,1,6,1,6,6,2
2421,3,3,4,2,4,3,3,3,4,3
2422,1,1,4,4,1,5,1,2,5,3
2423,2,2,2,1,3,6,4,5,6,3
2424,4,1,3,1,6,5,6,6,6,2
2425,2,2,2,3,1,4,2,6,6,1
2426,1,1,1,1,1,5,4,1,4,1
2427,4,3,2,2,3,6,1,5,3,1
2428,3,2,2,4,4,6,4,4,6,1
2429,6,6,4,2,1,6,5,4,6,2
2430,1,4,3,2,1,5,1,5,6,1
2431,4,3,4,4,3,5,4,5,4,4
2432,6,6,5,5,1,5,4,5,4,6
2433,1,4,5,4,3,5,6,5,6,6
2434,4,4,4,2,1,5,1,6,5,6
2435,1,4,2,1,1,5,6,1,4,3
2436,1,2,1,1,2,3,1,5,5,5
2437,1,1,1,1,1,6,1,6,6,1
2438,1,2,1,1,2,4,3,5,3,6
2439,1,2,2,3,2,2,6,2,4,3
2440,6,4,5,3,6,2,6,5,5,3
2441,1,4,1,1,4,6,1,6,6,3
2442,2,2,5,5,1,5,4,4,5,2
2443,5,5,3,4,5,6,1,6,6,2
2444,4,2,3,3,6,6,5,5,4,5
2445,6,6,6,6,2,6,2,6,6,1
2446,6,4,3,4,4,5,1,3,1,2
2447,3,3,3,2,3,4,4,4,4,4
2448,1,1,4,2,1,5,2,5,1,3
2449,1,1,2,2,3,6,4,5,6,2
2450,2,2,4,2,5,5,1,5,5,2
2451,6,6,6,1,4,5,5,6,5,2
2452,4,3,4,5,1,4,2,4,1,4
2453,5,3,3,2,4,4,2,3,4,3
2454,1,3,4,1,3,4,4,5,5,1
2455,6,6,6,5,4,6,3,6,5,2
2456,2,2,2,3,3,2,5,3,3,5
2457,6,6,6,3,1,6,5,5,5,1
2458,2,3,3,2,2,4,2,5,3,3
2459,6,6,4,6,1,6,1,5,6,2
2460,6,6,5,2,6,6,2,5,5,1
2461,4,4,3,4,2,5,2,4,2,2
2462,3,2,3,6,5,5,4,4,1,2
2463,5,6,6,5,5,5,1,3,4,2
2464,4,5,4,6,4,3,1,4,6,3
2465,6,6,6,6,4,3,6,1,6,6
2466,3,2,4,2,4,3,1,2,3,5
2467,3,5,6,4,3,3,2,4,5,3
2468,4,4,5,3,4,4,4,5,4,4
2469,5,5,2,1,2,5,6,5,4,2
2470,4,3,5,3,4,5,5,6,4,3
2471,6,6,1,1,2,6,4,2,4,5
2472,2,2,2,1,2,5,6,1,2,3
2473,4,2,4,5,3,4,2,3,4,4
2474,2,4,5,3,4,4,2,4,5,2
2475,1,4,1,1,1,6,1,6,5,5
2476,2,4,2,5,3,4,3,4,6,4
2477,6,6,5,6,2,6,2,5,6,1
2478,1,1,4,3,4,2,2,5,6,2
2479,6,5,4,5,3,4,3,5,6,1
2480,3,4,2,1,1,5,2,4,4,2
2481,1,1,2,1,2,5,2,4,6,2
2482,1,4,5,3,3,6,2,2,6,3
2483,5,5,2,4,4,4,5,4,5,5
2484,4,5,1,1,2,5,2,5,4,2
2485,1,1,1,5,1,5,2,3,6,1
2486,1,4,3,2,4,4,4,2,6,1
2487,3,3,2,2,1,4,3,3,4,4
2488,4,2,3,4,3,5,4,4,4,2
2489,4,3,3,1,2,5,4,3,3,2
2490,2,6,5,3,2,5,6,4,6,4
2491,3,3,3,1,6,5,2,6,6,1
2492,1,1,2,1,1,6,1,3,1,1
2493,4,4,6,4,5,3,4,5,5,3
2494,1,4,6,4,4,6,2,4,6,1
2495,2,2,1,2,1,3,1,2,1,1
2496,5,5,4,2,1,5,1,4,1,1
2497,3,4,4,4,3,4,4,3,4,3
2498,5,5,1,4,1,6,1,3,4,4
2499,2,4,1,2,2,3,2,4,3,2
2500,5,4,4,5,1,4,4,4,3,4
2501,1,3,3,1,1,1,3,2,3,3
2502,5,6,5,5,5,6,2,6,6,5
2503,1,1,1,1,6,5,1,4,3,3
2504,1,1,2,1,2,5,1,5,3,4
2505,4,5,1,4,2,5,1,6,4,2
2506,2,3,2,2,2,3,2,3,4,3
2507,4,5,5,4,2,6,2,5,6,1
2508,5,6,6,5,3,6,2,4,2,2
2509,1,1,1,1,1,6,1,6,6,6
2510,1,1,1,1,6,6,5,6,6,1
2511,3,4,4,2,3,5,2,6,5,1
2512,5,3,4,4,2,5,4,4,5,3
2513,2,2,3,2,1,6,1,5,4,1
2514,3,3,4,2,4,5,2,6,5,4
2515,4,5,4,4,6,6,2,5,5,4
2516,2,2,2,1,2,4,5,4,3,3
2517,3,3,2,3,1,5,3,5,6,3
2518,4,5,6,5,6,5,4,5,6,3
2519,4,4,5,5,3,5,3,4,5,3
2520,4,4,5,4,4,5,4,3,5,4
2521,6,6,3,3,6,4,1,5,3,1
2522,2,3,4,3,4,4,3,4,3,3
2523,2,4,3,4,2,4,5,4,2,4
2524,2,4,3,3,1,6,1,4,4,2
2525,2,2,3,3,3,4,3,3,3,3
2526,1,1,3,2,1,6,1,6,6,1
2527,4,3,2,3,3,5,1,4,6,2
2528,3,4,3,6,4,6,1,5,6,6
2529,4,4,3,1,3,6,3,4,5,3
2530,6,4,5,4,2,5,1,6,5,2
2531,3,4,4,3,4,3,3,3,3,2
2532,1,2,2,4,2,5,4,4,5,2
2533,2,2,3,2,2,5,1,5,5,2
2534,2,2,2,1,1,6,2,5,5,5
2535,1,1,1,1,2,4,2,3,4,4
2536,3,4,2,6,5,3,1,6,6,4
2537,3,3,1,3,2,6,2,4,6,1
2538,1,2,3,3,5,3,2,4,6,2
2539,3,4,2,4,1,6,1,6,1,1
2540,5,6,6,6,1,6,1,6,6,1
2541,1,1,1,1,1,6,1,5,6,1
2542,4,5,1,4,1,1,3,3,6,4
2543,4,4,5,6,2,6,1,5,6,2
2544,3,5,5,5,5,6,2,4,6,4
2545,2,4,3,1,3,6,2,6,6,1
2546,4,5,2,5,4,5,2,5,6,1
2547,1,1,1,1,1,6,3,6,6,1
2548,2,1,3,5,1,6,2,2,6,1
2549,2,2,5,2,5,5,2,5,4,2
2550,4,4,4,6,4,6,2,5,5,4
2551,5,5,4,5,6,4,5,3,6,5
2552,2,3,4,4,2,5,3,5,6,2
2553,2,2,3,3,3,4,3,4,5,3
2554,1,1,1,1,2,5,2,5,3,3
2555,4,4,3,3,3,5,1,4,6,2
2556,1,1,1,1,1,5,3,5,2,3
2557,1,1,2,5,2,4,3,4,5,5
2558,3,6,5,4,4,3,3,4,6,4
2559,5,5,5,3,2,6,1,5,6,2
2560,4,5,5,6,6,6,4,5,6,5
2561,5,3,4,2,5,4,3,4,2,4
2562,5,4,2,5,5,3,4,4,4,2
2563,2,4,3,4,2,5,1,5,4,2
2564,3,3,3,3,3,3,1,4,4,1
2565,6,6,6,5,6,4,2,5,5,2
2566,4,5,3,6,2,6,1,5,4,1
2567,3,4,3,2,5,6,1,5,4,1
2568,4,4,4,4,2,6,5,6,6,1
2569,4,5,5,2,4,5,2,4,6,1
2570,2,2,3,4,2,5,3,5,6,2
2571,2,3,2,3,3,6,2,6,6,2
2572,1,2,2,3,2,4,5,4,6,4
2573,5,5,6,6,5,5,6,5,6,1
2574,5,5,5,5,2,2,2,2,6,4
2575,5,5,5,6,6,6,1,5,6,2
2576,3,3,4,5,5,6,2,4,3,3
2577,6,5,5,6,1,5,1,3,4,4
2578,2,2,6,5,4,6,3,5,6,1
2579,2,3,3,4,2,3,2,3,5,3
2580,2,2,2,1,3,6,1,4,5,1
2581,3,2,1,1,1,5,3,5,3,2
2582,2,4,1,2,2,5,2,2,5,2
2583,4,5,5,2,6,5,3,3,5,3
2584,1,1,1,5,1,6,1,5,4,1
2585,4,6,5,5,1,6,1,6,6,1
2586,1,1,1,4,2,6,1,6,6,1
2587,2,6,4,5,5,6,1,6,6,1
2588,1,4,4,6,2,5,2,5,5,2
2589,6,6,1,1,1,1,2,1,5,1
2590,6,6,6,6,6,5,6,5,6,6
2591,3,4,3,4,4,4,2,4,4,2
2592,4,4,2,4,2,5,2,5,4,2
2593,2,3,1,2,2,6,1,6,6,2
2594,2,2,2,3,1,3,5,6,5,2
2595,2,2,4,5,3,4,4,4,4,3
2596,1,1,1,1,1,3,2,4,5,5
2597,4,5,3,2,1,5,2,1,4,2
2598,5,5,4,3,4,4,3,3,5,3
2599,3,4,3,5,6,4,1,4,5,1
2600,1,4,2,1,1,4,1,5,4,1
2601,2,4,4,5,4,3,1,5,6,2
2602,4,5,6,6,6,5,4,1,5,4
2603,2,6,4,5,2,6,1,4,6,2
2604,5,5,5,3,2,2,5,4,4,2
2605,4,4,5,4,5,5,6,2,5,4
2606,4,4,4,6,6,4,3,4,5,3
2607,2,3,2,2,2,5,2,5,5,1
2608,1,1,3,1,1,6,1,5,5,1
2609,6,1,3,3,4,1,1,4,6,6
2610,1,1,1,1,1,5,1,2,6,2
2611,3,3,5,6,4,3,1,5,5,3
2612,6,5,4,5,6,5,3,2,5,4
2613,2,2,2,2,3,5,3,4,5,4
2614,1,1,1,1,1,6,1,6,5,1
2615,1,1,1,1,3,6,1,6,5,2
2616,6,6,6,6,1,6,1,5,6,3
2617,1,2,2,4,2,5,6,4,5,1
2618,2,2,5,4,2,5,1,6,6,1
2619,4,5,1,4,2,5,2,5,5,1
2620,3,4,5,4,4,5,1,5,6,3
2621,3,4,5,4,4,5,1,5,6,3
2622,1,1,3,4,1,5,1,4,6,1
2623,4,4,5,2,5,6,2,6,6,2
2624,4,4,4,3,1,6,1,5,5,2
2625,3,4,2,2,1,6,1,5,4,2
2626,4,4,3,2,2,5,4,4,3,4
2627,1,4,5,5,2,4,2,4,5,3
2628,4,4,6,6,4,5,4,5,2,4
2629,5,4,5,3,4,4,5,5,4,4
2630,5,6,5,5,6,6,1,4,5,2
2631,4,5,3,5,2,6,1,5,6,2
2632,3,4,3,3,1,5,1,6,4,3
2633,5,5,6,4,1,5,2,5,5,1
2634,1,2,2,1,1,3,1,3,5,1
